-- MySQL dump 10.13  Distrib 8.0.30, for Win64 (x86_64)
--
-- Host: 3.35.92.162    Database: some
-- ------------------------------------------------------
-- Server version	8.0.33

/*!40101 SET @OLD_CHARACTER_SET_CLIENT=@@CHARACTER_SET_CLIENT */;
/*!40101 SET @OLD_CHARACTER_SET_RESULTS=@@CHARACTER_SET_RESULTS */;
/*!40101 SET @OLD_COLLATION_CONNECTION=@@COLLATION_CONNECTION */;
/*!50503 SET NAMES utf8 */;
/*!40103 SET @OLD_TIME_ZONE=@@TIME_ZONE */;
/*!40103 SET TIME_ZONE='+00:00' */;
/*!40014 SET @OLD_UNIQUE_CHECKS=@@UNIQUE_CHECKS, UNIQUE_CHECKS=0 */;
/*!40014 SET @OLD_FOREIGN_KEY_CHECKS=@@FOREIGN_KEY_CHECKS, FOREIGN_KEY_CHECKS=0 */;
/*!40101 SET @OLD_SQL_MODE=@@SQL_MODE, SQL_MODE='NO_AUTO_VALUE_ON_ZERO' */;
/*!40111 SET @OLD_SQL_NOTES=@@SQL_NOTES, SQL_NOTES=0 */;

--
-- Table structure for table `album`
--

DROP TABLE IF EXISTS `album`;
/*!40101 SET @saved_cs_client     = @@character_set_client */;
/*!50503 SET character_set_client = utf8mb4 */;
CREATE TABLE `album` (
  `album_id` bigint NOT NULL AUTO_INCREMENT,
  `album_name` varchar(255) DEFAULT NULL,
  `created_date` datetime(6) DEFAULT NULL,
  `recent_photo` bigint DEFAULT NULL,
  `album_status` varchar(255) DEFAULT NULL,
  `thumbnail_photo` bigint DEFAULT NULL,
  PRIMARY KEY (`album_id`)
) ENGINE=InnoDB AUTO_INCREMENT=34 DEFAULT CHARSET=utf8mb4 COLLATE=utf8mb4_0900_ai_ci;
/*!40101 SET character_set_client = @saved_cs_client */;

--
-- Dumping data for table `album`
--

LOCK TABLES `album` WRITE;
/*!40000 ALTER TABLE `album` DISABLE KEYS */;
INSERT INTO `album` VALUES (1,'추억덩이','2023-05-13 21:45:51.740046',348,'NORMAL',205),(2,'앨범','2023-05-13 21:46:14.859361',2,'NORMAL',NULL),(3,'동욱쨩','2023-05-15 09:49:25.475511',207,'NORMAL',207),(4,'동네친구','2023-05-15 09:57:50.751740',217,'NORMAL',209),(5,'오운완','2023-05-15 13:43:08.424420',213,'NORMAL',213),(6,'Test123','2023-05-15 13:44:33.493508',54,'NORMAL',NULL),(7,'테스트123','2023-05-15 13:46:03.004752',57,'NORMAL',NULL),(8,'SSAFY1학기','2023-05-15 14:08:46.114403',208,'NORMAL',208),(9,'Test234','2023-05-15 14:11:53.524382',306,'NORMAL',NULL),(10,'싸피 16반','2023-05-15 14:13:37.738370',62,'NORMAL',NULL),(11,'이슬','2023-05-15 14:43:21.990028',168,'NORMAL',NULL),(12,'화목한자율1팀','2023-05-15 14:47:46.258808',352,'NORMAL',246),(13,'정온이햄','2023-05-15 14:55:44.626708',87,'NORMAL',87),(14,'대전5반 포에버','2023-05-15 14:57:36.196628',147,'NORMAL',147),(15,'동동앨범','2023-05-15 15:06:51.659925',150,'NORMAL',94),(16,'싸회음 모음집','2023-05-15 15:16:05.333492',140,'NORMAL',NULL),(17,'hi','2023-05-16 15:37:39.584453',155,'NORMAL',NULL),(18,'hi','2023-05-16 15:38:54.697533',161,'NORMAL',NULL),(19,'수지쓰와의 추억','2023-05-16 17:18:14.197160',165,'NORMAL',NULL),(20,'ㅋㅋ','2023-05-16 17:38:16.847546',166,'NORMAL',NULL),(21,'Danny\'s 맛집','2023-05-17 11:15:42.742408',225,'NORMAL',177),(22,'엽사모음','2023-05-17 11:17:33.313989',215,'NORMAL',204),(23,'상민.zip','2023-05-17 13:33:48.428066',229,'NORMAL',195),(24,'월드컵경기장 회','2023-05-17 14:03:39.296694',191,'NORMAL',NULL),(25,'대전 2반','2023-05-17 14:07:54.598482',192,'NORMAL',NULL),(26,'모험','2023-05-17 15:31:32.802575',194,'NORMAL',NULL),(27,'SSAFY','2023-05-17 16:06:48.234154',199,'NORMAL',NULL),(28,'English','2023-05-17 17:39:58.328608',221,'NORMAL',221),(29,'뿡구스','2023-05-17 21:44:55.921116',302,'NORMAL',223),(30,'앨범 생성','2023-05-18 16:10:25.939562',324,'NORMAL',NULL),(31,'오','2023-05-18 19:30:51.750764',261,'NORMAL',NULL),(32,'새로운 앨범','2023-05-18 22:53:58.437063',319,'NORMAL',NULL),(33,'새로운앨범','2023-05-18 22:56:26.189768',320,'NORMAL',NULL);
/*!40000 ALTER TABLE `album` ENABLE KEYS */;
UNLOCK TABLES;

--
-- Table structure for table `album_fav`
--

DROP TABLE IF EXISTS `album_fav`;
/*!40101 SET @saved_cs_client     = @@character_set_client */;
/*!50503 SET character_set_client = utf8mb4 */;
CREATE TABLE `album_fav` (
  `album_id` bigint NOT NULL,
  `user_id` varchar(255) NOT NULL,
  `album_fav_status` varchar(255) DEFAULT NULL,
  PRIMARY KEY (`album_id`,`user_id`)
) ENGINE=InnoDB DEFAULT CHARSET=utf8mb4 COLLATE=utf8mb4_0900_ai_ci;
/*!40101 SET character_set_client = @saved_cs_client */;

--
-- Dumping data for table `album_fav`
--

LOCK TABLES `album_fav` WRITE;
/*!40000 ALTER TABLE `album_fav` DISABLE KEYS */;
INSERT INTO `album_fav` VALUES (1,'2765520552','LIKE'),(1,'2765575663','LIKE'),(4,'2765575663','CANCEL'),(6,'2786671732','LIKE'),(7,'2786671732','CANCEL'),(9,'2786671732','LIKE'),(11,'2790901032','LIKE'),(12,'2764309450','LIKE'),(12,'2765520552','LIKE'),(12,'2765575663','CANCEL'),(14,'2762811156','LIKE'),(14,'2764309450','CANCEL'),(14,'2765575663','CANCEL'),(15,'2765575663','CANCEL'),(15,'2765575678','CANCEL'),(16,'2790954443','LIKE'),(19,'2790954443','LIKE'),(22,'2765575663','LIKE'),(23,'2765575663','LIKE'),(24,'2790954443','LIKE'),(25,'2765520552','LIKE'),(28,'2765575663','CANCEL'),(29,'2764309450','LIKE'),(29,'2772839750','LIKE');
/*!40000 ALTER TABLE `album_fav` ENABLE KEYS */;
UNLOCK TABLES;

--
-- Table structure for table `album_member`
--

DROP TABLE IF EXISTS `album_member`;
/*!40101 SET @saved_cs_client     = @@character_set_client */;
/*!50503 SET character_set_client = utf8mb4 */;
CREATE TABLE `album_member` (
  `album_id` bigint NOT NULL,
  `user_id` varchar(255) NOT NULL,
  `user_status` varchar(255) DEFAULT NULL,
  PRIMARY KEY (`album_id`,`user_id`)
) ENGINE=InnoDB DEFAULT CHARSET=utf8mb4 COLLATE=utf8mb4_0900_ai_ci;
/*!40101 SET character_set_client = @saved_cs_client */;

--
-- Dumping data for table `album_member`
--

LOCK TABLES `album_member` WRITE;
/*!40000 ALTER TABLE `album_member` DISABLE KEYS */;
INSERT INTO `album_member` VALUES (1,'2762811156','ACCEPT'),(1,'2764309450','ACCEPT'),(1,'2764815852','ACCEPT'),(1,'2765520552','ACCEPT'),(1,'2765575663','ACCEPT'),(1,'2765575678','ACCEPT'),(1,'2765777731','ACCEPT'),(2,'2765520552','ACCEPT'),(2,'2765575678','ACCEPT'),(3,'2765520552','ACCEPT'),(3,'2765575663','ACCEPT'),(3,'2765575678','ACCEPT'),(4,'2765575663','ACCEPT'),(4,'2765575678','ACCEPT'),(5,'2765575663','ACCEPT'),(5,'2765575678','ACCEPT'),(6,'2786671732','ACCEPT'),(6,'2790876769','NOREPLY'),(7,'2786671732','ACCEPT'),(8,'2765575663','ACCEPT'),(9,'2786671732','ACCEPT'),(9,'2790876769','NOREPLY'),(10,'2790864972','ACCEPT'),(11,'2787152169','NOREPLY'),(11,'2787293205','ACCEPT'),(11,'2790901032','ACCEPT'),(12,'2762811156','ACCEPT'),(12,'2764309450','ACCEPT'),(12,'2764815852','ACCEPT'),(12,'2765520552','ACCEPT'),(12,'2765575663','ACCEPT'),(12,'2765575678','ACCEPT'),(12,'2765777731','NOREPLY'),(13,'2765575678','ACCEPT'),(13,'2785359670','NOREPLY'),(14,'2762811156','ACCEPT'),(14,'2764309450','ACCEPT'),(14,'2765575663','ACCEPT'),(14,'2765575678','ACCEPT'),(14,'2772839750','NOREPLY'),(14,'2785332733','NOREPLY'),(15,'2765575663','ACCEPT'),(15,'2765575678','ACCEPT'),(15,'2785332733','ACCEPT'),(16,'2790954443','ACCEPT'),(17,'2764815852','ACCEPT'),(17,'2765575678','ACCEPT'),(18,'2765575678','ACCEPT'),(19,'2787152169','NOREPLY'),(19,'2790954443','ACCEPT'),(20,'2787293205','ACCEPT'),(20,'2790901032','ACCEPT'),(21,'2762811156','ACCEPT'),(21,'2764309450','ACCEPT'),(21,'2764815852','ACCEPT'),(21,'2765575663','ACCEPT'),(21,'2765575678','ACCEPT'),(22,'2762811156','ACCEPT'),(22,'2764309450','ACCEPT'),(22,'2764815852','NOREPLY'),(22,'2765520552','ACCEPT'),(22,'2765575663','ACCEPT'),(22,'2765575678','ACCEPT'),(22,'2765777731','ACCEPT'),(23,'2762811156','ACCEPT'),(23,'2764309450','ACCEPT'),(23,'2764815852','ACCEPT'),(23,'2765520552','ACCEPT'),(23,'2765575663','ACCEPT'),(23,'2765575678','ACCEPT'),(23,'2765777731','NOREPLY'),(23,'2772839750','ACCEPT'),(23,'2785332733','NOREPLY'),(24,'2765520552','ACCEPT'),(24,'2787608820','NOREPLY'),(24,'2790954443','ACCEPT'),(25,'2765520552','ACCEPT'),(25,'2765777731','NOREPLY'),(25,'2785323634','NOREPLY'),(25,'2785570528','NOREPLY'),(25,'2785586026','NOREPLY'),(25,'2785638741','NOREPLY'),(25,'2786052783','NOREPLY'),(25,'2786057139','NOREPLY'),(25,'2793649772','NOREPLY'),(25,'2793865439','NOREPLY'),(25,'2793999102','NOREPLY'),(25,'2794009748','NOREPLY'),(26,'2793944826','ACCEPT'),(27,'2765520552','ACCEPT'),(27,'2785323634','NOREPLY'),(27,'2786052783','NOREPLY'),(27,'2786057139','NOREPLY'),(27,'2793649772','NOREPLY'),(27,'2793999102','ACCEPT'),(28,'2762811156','ACCEPT'),(28,'2765575663','ACCEPT'),(28,'2765575678','ACCEPT'),(29,'2764309450','ACCEPT'),(29,'2772839750','ACCEPT'),(30,'2762811156','ACCEPT'),(30,'2764309450','ACCEPT'),(30,'2764815852','ACCEPT'),(30,'2765520552','ACCEPT'),(30,'2765575663','ACCEPT'),(30,'2765575678','NOREPLY'),(30,'2765777731','ACCEPT'),(30,'2785332579','NOREPLY'),(30,'2785332733','NOREPLY'),(30,'2793517729','NOREPLY'),(31,'2795724702','ACCEPT'),(32,'2765520552','ACCEPT'),(32,'2765575663','NOREPLY'),(33,'2764815852','ACCEPT'),(33,'2765575663','NOREPLY');
/*!40000 ALTER TABLE `album_member` ENABLE KEYS */;
UNLOCK TABLES;

--
-- Table structure for table `album_photosns`
--

DROP TABLE IF EXISTS `album_photosns`;
/*!40101 SET @saved_cs_client     = @@character_set_client */;
/*!50503 SET character_set_client = utf8mb4 */;
CREATE TABLE `album_photosns` (
  `photo_id` bigint NOT NULL,
  `user_id` varchar(255) NOT NULL,
  `status` varchar(255) DEFAULT NULL,
  PRIMARY KEY (`photo_id`,`user_id`)
) ENGINE=InnoDB DEFAULT CHARSET=utf8mb4 COLLATE=utf8mb4_0900_ai_ci;
/*!40101 SET character_set_client = @saved_cs_client */;

--
-- Dumping data for table `album_photosns`
--

LOCK TABLES `album_photosns` WRITE;
/*!40000 ALTER TABLE `album_photosns` DISABLE KEYS */;
INSERT INTO `album_photosns` VALUES (7,'2762811156','NOREPLY'),(7,'2764309450','NOREPLY'),(7,'2764815852','NOREPLY'),(7,'2765575663','NOREPLY'),(7,'2765575678','NOREPLY'),(8,'2762811156','NOREPLY'),(8,'2764309450','NOREPLY'),(8,'2764815852','NOREPLY'),(8,'2765575663','NOREPLY'),(8,'2765575678','NOREPLY'),(9,'2762811156','NOREPLY'),(9,'2764309450','NOREPLY'),(9,'2764815852','NOREPLY'),(9,'2765575663','NOREPLY'),(9,'2765575678','NOREPLY'),(10,'2762811156','NOREPLY'),(10,'2764309450','NOREPLY'),(10,'2764815852','ACCEPT'),(10,'2765575663','NOREPLY'),(10,'2765575678','NOREPLY'),(18,'2765575678','ACCEPT'),(21,'2765575663','ACCEPT'),(85,'2764309450','DECLINE'),(85,'2765575663','DECLINE'),(89,'2762811156','ACCEPT'),(89,'2764309450','ACCEPT'),(93,'2765575678','ACCEPT'),(93,'2785332733','NOREPLY'),(102,'2762811156','NOREPLY'),(102,'2764309450','ACCEPT'),(102,'2765575678','ACCEPT'),(147,'2762811156','NOREPLY'),(147,'2764309450','ACCEPT'),(147,'2765575678','ACCEPT'),(156,'2762811156','NOREPLY'),(156,'2764309450','NOREPLY'),(156,'2764815852','NOREPLY'),(156,'2765575663','NOREPLY'),(156,'2765575678','NOREPLY'),(157,'2762811156','NOREPLY'),(157,'2764309450','NOREPLY'),(157,'2764815852','NOREPLY'),(157,'2765575663','NOREPLY'),(157,'2765575678','NOREPLY'),(158,'2762811156','NOREPLY'),(158,'2764309450','NOREPLY'),(158,'2764815852','NOREPLY'),(158,'2765575663','NOREPLY'),(158,'2765575678','NOREPLY'),(159,'2762811156','NOREPLY'),(159,'2764309450','NOREPLY'),(159,'2764815852','NOREPLY'),(159,'2765575663','NOREPLY'),(159,'2765575678','NOREPLY'),(160,'2765575663','NOREPLY'),(160,'2765575678','NOREPLY'),(170,'2765575663','DECLINE'),(172,'2765575663','NOREPLY'),(179,'2765520552','ACCEPT'),(179,'2765575663','DECLINE'),(179,'2765575678','DECLINE'),(184,'2765575663','NOREPLY'),(184,'2765575678','NOREPLY'),(195,'2762811156','NOREPLY'),(195,'2764309450','NOREPLY'),(195,'2764815852','NOREPLY'),(195,'2765520552','NOREPLY'),(195,'2765575678','NOREPLY'),(195,'2772839750','NOREPLY'),(203,'2762811156','NOREPLY'),(203,'2764309450','NOREPLY'),(203,'2765520552','NOREPLY'),(203,'2765575678','NOREPLY'),(204,'2762811156','NOREPLY'),(204,'2764309450','NOREPLY'),(204,'2765520552','NOREPLY'),(204,'2765575678','NOREPLY'),(205,'2765575663','NOREPLY'),(205,'2765575678','NOREPLY'),(214,'2764309450','NOREPLY'),(214,'2765520552','NOREPLY'),(214,'2765575663','NOREPLY'),(214,'2765575678','ACCEPT'),(215,'2762811156','NOREPLY'),(215,'2764309450','NOREPLY'),(215,'2765520552','NOREPLY'),(215,'2765575678','ACCEPT'),(219,'2765575663','NOREPLY'),(220,'2765575663','ACCEPT'),(229,'2764309450','ACCEPT'),(229,'2764815852','NOREPLY'),(229,'2765575663','NOREPLY'),(229,'2765575678','NOREPLY'),(229,'2772839750','NOREPLY'),(240,'2762811156','NOREPLY'),(240,'2764309450','ACCEPT'),(240,'2764815852','NOREPLY'),(240,'2765520552','ACCEPT'),(240,'2765575663','ACCEPT'),(241,'2762811156','NOREPLY'),(241,'2764309450','ACCEPT'),(241,'2764815852','NOREPLY'),(241,'2765575663','NOREPLY'),(241,'2765575678','NOREPLY'),(242,'2762811156','NOREPLY'),(242,'2764309450','ACCEPT'),(242,'2764815852','NOREPLY'),(242,'2765575663','NOREPLY'),(242,'2765575678','NOREPLY'),(246,'2762811156','NOREPLY'),(246,'2764309450','ACCEPT'),(246,'2764815852','NOREPLY'),(246,'2765520552','ACCEPT'),(246,'2765575678','ACCEPT'),(254,'2762811156','NOREPLY'),(254,'2764309450','ACCEPT'),(254,'2764815852','DECLINE'),(254,'2765575663','ACCEPT'),(254,'2765575678','ACCEPT'),(255,'2762811156','NOREPLY'),(255,'2764309450','ACCEPT'),(255,'2764815852','NOREPLY'),(255,'2765520552','ACCEPT'),(255,'2765575678','ACCEPT'),(262,'2762811156','NOREPLY'),(262,'2764309450','NOREPLY'),(262,'2764815852','NOREPLY'),(262,'2765575663','NOREPLY'),(262,'2765575678','NOREPLY'),(263,'2762811156','NOREPLY'),(263,'2764309450','NOREPLY'),(263,'2764815852','NOREPLY'),(263,'2765575663','NOREPLY'),(263,'2765575678','NOREPLY'),(264,'2762811156','NOREPLY'),(264,'2764309450','NOREPLY'),(264,'2764815852','NOREPLY'),(264,'2765575663','NOREPLY'),(264,'2765575678','NOREPLY'),(265,'2762811156','NOREPLY'),(265,'2764309450','NOREPLY'),(265,'2764815852','NOREPLY'),(265,'2765575663','NOREPLY'),(265,'2765575678','NOREPLY'),(266,'2762811156','NOREPLY'),(266,'2764309450','NOREPLY'),(266,'2764815852','NOREPLY'),(266,'2765575663','NOREPLY'),(266,'2765575678','NOREPLY'),(267,'2762811156','NOREPLY'),(267,'2764309450','NOREPLY'),(267,'2764815852','NOREPLY'),(267,'2765575663','NOREPLY'),(267,'2765575678','NOREPLY'),(268,'2762811156','NOREPLY'),(268,'2764309450','NOREPLY'),(268,'2764815852','NOREPLY'),(268,'2765575663','NOREPLY'),(268,'2765575678','NOREPLY'),(269,'2762811156','NOREPLY'),(269,'2764309450','NOREPLY'),(269,'2764815852','NOREPLY'),(269,'2765575663','NOREPLY'),(269,'2765575678','ACCEPT'),(270,'2762811156','NOREPLY'),(270,'2764309450','NOREPLY'),(270,'2764815852','NOREPLY'),(270,'2765575663','NOREPLY'),(270,'2765575678','NOREPLY'),(271,'2762811156','NOREPLY'),(271,'2764309450','NOREPLY'),(271,'2764815852','NOREPLY'),(271,'2765575663','NOREPLY'),(271,'2765575678','NOREPLY'),(280,'2762811156','NOREPLY'),(280,'2764815852','NOREPLY'),(280,'2765520552','NOREPLY'),(280,'2765575678','NOREPLY'),(281,'2762811156','NOREPLY'),(281,'2764815852','NOREPLY'),(281,'2765520552','NOREPLY'),(281,'2765575678','NOREPLY'),(282,'2762811156','NOREPLY'),(282,'2764309450','NOREPLY'),(282,'2764815852','NOREPLY'),(282,'2765575663','NOREPLY'),(282,'2765575678','NOREPLY'),(283,'2762811156','NOREPLY'),(283,'2764309450','NOREPLY'),(283,'2764815852','NOREPLY'),(283,'2765575663','NOREPLY'),(283,'2765575678','NOREPLY'),(321,'2764309450','NOREPLY'),(321,'2764815852','NOREPLY'),(321,'2765520552','NOREPLY'),(321,'2765575663','NOREPLY'),(322,'2762811156','NOREPLY'),(322,'2764309450','NOREPLY'),(322,'2765520552','NOREPLY'),(322,'2765575663','NOREPLY'),(323,'2764309450','NOREPLY'),(323,'2764815852','NOREPLY'),(323,'2765520552','NOREPLY'),(323,'2765575663','NOREPLY'),(324,'2762811156','NOREPLY'),(324,'2764309450','NOREPLY'),(324,'2765520552','NOREPLY'),(324,'2765575663','NOREPLY'),(325,'2762811156','NOREPLY'),(325,'2764309450','NOREPLY'),(325,'2765520552','NOREPLY'),(325,'2765575663','NOREPLY'),(326,'2762811156','NOREPLY'),(326,'2764309450','NOREPLY'),(326,'2764815852','NOREPLY'),(326,'2765520552','NOREPLY'),(326,'2765575663','NOREPLY'),(327,'2762811156','NOREPLY'),(327,'2764309450','NOREPLY'),(327,'2764815852','NOREPLY'),(327,'2765520552','NOREPLY'),(327,'2765575663','NOREPLY'),(327,'2765575678','DECLINE'),(328,'2762811156','NOREPLY'),(328,'2764309450','NOREPLY'),(328,'2764815852','NOREPLY'),(328,'2765575663','NOREPLY'),(328,'2765575678','NOREPLY'),(328,'2765777731','NOREPLY'),(329,'2762811156','NOREPLY'),(329,'2764309450','NOREPLY'),(329,'2764815852','NOREPLY'),(329,'2765575663','NOREPLY'),(329,'2765575678','NOREPLY'),(330,'2762811156','NOREPLY'),(330,'2764309450','NOREPLY'),(330,'2764815852','NOREPLY'),(330,'2765575663','NOREPLY'),(330,'2765575678','NOREPLY'),(331,'2762811156','NOREPLY'),(331,'2764309450','NOREPLY'),(331,'2764815852','NOREPLY'),(331,'2765520552','NOREPLY'),(333,'2762811156','NOREPLY'),(333,'2764309450','NOREPLY'),(333,'2764815852','NOREPLY'),(333,'2765520552','NOREPLY'),(333,'2765575663','ACCEPT'),(333,'2765575678','NOREPLY'),(337,'2762811156','NOREPLY'),(337,'2764309450','NOREPLY'),(337,'2764815852','NOREPLY'),(337,'2765520552','NOREPLY'),(337,'2765575663','NOREPLY'),(339,'2762811156','NOREPLY'),(339,'2764309450','ACCEPT'),(339,'2764815852','NOREPLY'),(339,'2765575663','ACCEPT'),(339,'2765575678','DECLINE'),(346,'2762811156','NOREPLY'),(346,'2764309450','NOREPLY'),(346,'2764815852','NOREPLY'),(346,'2765575663','ACCEPT'),(346,'2765575678','NOREPLY'),(348,'2762811156','NOREPLY'),(348,'2764309450','NOREPLY'),(348,'2764815852','NOREPLY'),(348,'2765575663','NOREPLY'),(348,'2765575678','NOREPLY'),(348,'2765777731','NOREPLY'),(352,'2762811156','NOREPLY'),(352,'2764309450','ACCEPT'),(352,'2764815852','NOREPLY'),(352,'2765575663','ACCEPT'),(352,'2765575678','NOREPLY');
/*!40000 ALTER TABLE `album_photosns` ENABLE KEYS */;
UNLOCK TABLES;

--
-- Table structure for table `feed_back`
--

DROP TABLE IF EXISTS `feed_back`;
/*!40101 SET @saved_cs_client     = @@character_set_client */;
/*!50503 SET character_set_client = utf8mb4 */;
CREATE TABLE `feed_back` (
  `feed_back_id` bigint NOT NULL AUTO_INCREMENT,
  `content` varchar(255) DEFAULT NULL,
  `writer` varchar(255) DEFAULT NULL,
  PRIMARY KEY (`feed_back_id`)
) ENGINE=InnoDB AUTO_INCREMENT=4 DEFAULT CHARSET=utf8mb4 COLLATE=utf8mb4_0900_ai_ci;
/*!40101 SET character_set_client = @saved_cs_client */;

--
-- Dumping data for table `feed_back`
--

LOCK TABLES `feed_back` WRITE;
/*!40000 ALTER TABLE `feed_back` DISABLE KEYS */;
INSERT INTO `feed_back` VALUES (1,'{\"content\":\"쿠버네티스 피드백 테스트\"}','김동욱'),(2,'{\"content\":\"진지한 얘기 중이에용;\"}','정상민'),(3,'{\"content\":\"내가 상대방에게 공유신청을 하면\\n상대방이 가입되어 있으면 공유 신청 알림을,\\n가입되어 있지 않으면 가입 알림을 주면 좋을거 같아요.\\n현재 상대방이 공유를 받았다는 인식을 하기가\\n힘든 거 같애요..ㅠㅜ\"}','이현석');
/*!40000 ALTER TABLE `feed_back` ENABLE KEYS */;
UNLOCK TABLES;

--
-- Table structure for table `notification`
--

DROP TABLE IF EXISTS `notification`;
/*!40101 SET @saved_cs_client     = @@character_set_client */;
/*!50503 SET character_set_client = utf8mb4 */;
CREATE TABLE `notification` (
  `notification_id` bigint NOT NULL AUTO_INCREMENT,
  `album_or_photo_id` bigint DEFAULT NULL,
  `created_date` datetime(6) DEFAULT NULL,
  `message` varchar(255) DEFAULT NULL,
  `status` varchar(255) DEFAULT NULL,
  `type` varchar(255) DEFAULT NULL,
  `receiver` varchar(100) DEFAULT NULL,
  `sender` varchar(100) DEFAULT NULL,
  PRIMARY KEY (`notification_id`),
  KEY `FKhivcjl7a0kx0owwuy2api09i7` (`receiver`),
  KEY `FKgt20jhv21p1cifxbhwof1fijo` (`sender`),
  CONSTRAINT `FKgt20jhv21p1cifxbhwof1fijo` FOREIGN KEY (`sender`) REFERENCES `user` (`user_id`),
  CONSTRAINT `FKhivcjl7a0kx0owwuy2api09i7` FOREIGN KEY (`receiver`) REFERENCES `user` (`user_id`)
) ENGINE=InnoDB AUTO_INCREMENT=938 DEFAULT CHARSET=utf8mb4 COLLATE=utf8mb4_0900_ai_ci;
/*!40101 SET character_set_client = @saved_cs_client */;

--
-- Dumping data for table `notification`
--

LOCK TABLES `notification` WRITE;
/*!40000 ALTER TABLE `notification` DISABLE KEYS */;
INSERT INTO `notification` VALUES (1,1,'2023-05-13 21:45:53.339514','정상민님이 쿠버네티스 앨범에 초대했습니다.','DONE','INVITE','2765520552','2765575663'),(2,1,'2023-05-13 21:45:53.690004','정상민님이 쿠버네티스 앨범에 초대했습니다.','DONE','INVITE','2765575678','2765575663'),(3,2,'2023-05-13 21:46:15.001990','오태훈님이 앨범 앨범에 초대했습니다.','DONE','INVITE','2765575678','2765520552'),(4,6,'2023-05-13 21:55:06.724664','정상민님이 공유앨범에 사진을 업로드 했습니다.','DONE','UPLOAD','2765520552','2765575663'),(5,6,'2023-05-13 21:55:06.735590','정상민님이 공유앨범에 사진을 업로드 했습니다.','DONE','UPLOAD','2765575678','2765575663'),(6,7,'2023-05-14 20:48:47.942695','정상민님이 공유앨범에 사진을 업로드 했습니다.','DONE','UPLOAD','2765520552','2765575663'),(7,7,'2023-05-14 20:48:47.946700','정상민님이 공유앨범에 사진을 업로드 했습니다.','DONE','UPLOAD','2765575678','2765575663'),(8,8,'2023-05-14 20:49:57.417093','김동욱님이 공유앨범에 사진을 업로드 했습니다.','DONE','UPLOAD','2765520552','2765575678'),(9,8,'2023-05-14 20:49:57.422443','김동욱님이 공유앨범에 사진을 업로드 했습니다.','DONE','UPLOAD','2765575663','2765575678'),(10,9,'2023-05-14 20:55:23.775461','김동욱님이 공유앨범에 사진을 업로드 했습니다.','DONE','UPLOAD','2765520552','2765575678'),(11,9,'2023-05-14 20:55:23.779161','김동욱님이 공유앨범에 사진을 업로드 했습니다.','DONE','UPLOAD','2765575663','2765575678'),(12,10,'2023-05-14 20:59:36.062538','정상민님이 공유앨범에 사진을 업로드 했습니다.','DONE','UPLOAD','2765520552','2765575663'),(13,10,'2023-05-14 20:59:36.066524','정상민님이 공유앨범에 사진을 업로드 했습니다.','DONE','UPLOAD','2765575678','2765575663'),(14,3,'2023-05-15 09:53:10.675160','정상민님이 동욱쨩 앨범에 초대했습니다.','DONE','INVITE','2765520552','2765575663'),(15,3,'2023-05-15 09:53:10.855669','정상민님이 동욱쨩 앨범에 초대했습니다.','DONE','INVITE','2765575678','2765575663'),(16,4,'2023-05-15 09:57:51.183177','정상민님이 ㅗ 앨범에 초대했습니다.','DONE','INVITE','2765575678','2765575663'),(17,18,'2023-05-15 10:35:32.350662','김동욱님이 공유앨범에 사진을 업로드 했습니다.','DONE','UPLOAD','2765575663','2765575678'),(18,19,'2023-05-15 10:36:11.596090','김동욱님이 공유앨범에 사진을 업로드 했습니다.','DONE','UPLOAD','2765575663','2765575678'),(19,20,'2023-05-15 10:37:15.132821','김동욱님이 공유앨범에 사진을 업로드 했습니다.','DONE','UPLOAD','2765575663','2765575678'),(20,18,'2023-05-15 10:40:56.683249','정상민님이 SNS 포스팅 동의 요청을 보냈습니다.','DONE','SNS','2765575678','2765575663'),(21,21,'2023-05-15 10:41:32.768659','정상민님이 공유앨범에 사진을 업로드 했습니다.','DONE','UPLOAD','2765575678','2765575663'),(22,21,'2023-05-15 10:42:07.079743','김동욱님이 SNS 포스팅 동의 요청을 보냈습니다.','DONE','SNS','2765575663','2765575678'),(23,21,'2023-05-15 10:42:22.199906','김동욱님이 SNS 포스팅 동의 요청을 보냈습니다.','DONE','SNS','2765575663','2765575678'),(24,51,'2023-05-15 12:53:36.013051','김동욱님이 공유앨범에 사진을 업로드 했습니다.','DONE','UPLOAD','2765520552','2765575678'),(25,51,'2023-05-15 12:53:36.019791','김동욱님이 공유앨범에 사진을 업로드 했습니다.','DONE','UPLOAD','2765575663','2765575678'),(26,12,'2023-05-15 14:47:46.320560','정상민님이 1팀이닷 앨범에 초대했습니다.','DONE','INVITE','2762811156','2765575663'),(27,12,'2023-05-15 14:47:46.352387','정상민님이 1팀이닷 앨범에 초대했습니다.','DONE','INVITE','2764815852','2765575663'),(28,12,'2023-05-15 14:48:26.955576','정상민님이 1팀이닷 앨범에 초대했습니다.','DONE','INVITE','2764309450','2765575663'),(29,85,'2023-05-15 14:48:58.822499','박서윤님이 공유앨범에 사진을 업로드 했습니다.','DONE','UPLOAD','2762811156','2764309450'),(30,85,'2023-05-15 14:48:58.929081','박서윤님이 공유앨범에 사진을 업로드 했습니다.','DONE','UPLOAD','2765575663','2764309450'),(31,85,'2023-05-15 14:53:21.310913','차차님이 SNS 포스팅 동의 요청을 보냈습니다.','DONE','SNS','2764309450','2762811156'),(32,85,'2023-05-15 14:53:21.319963','차차님이 SNS 포스팅 동의 요청을 보냈습니다.','DONE','SNS','2765575663','2762811156'),(33,14,'2023-05-15 14:57:36.275485','정상민님이 대전5반 포에버 앨범에 초대했습니다.','DONE','INVITE','2762811156','2765575663'),(34,14,'2023-05-15 14:57:36.284668','정상민님이 대전5반 포에버 앨범에 초대했습니다.','DONE','INVITE','2764309450','2765575663'),(35,14,'2023-05-15 14:57:36.290528','정상민님이 대전5반 포에버 앨범에 초대했습니다.','DONE','INVITE','2765575678','2765575663'),(36,89,'2023-05-15 14:58:40.952114','박서윤님이 공유앨범에 사진을 업로드 했습니다.','DONE','UPLOAD','2765575663','2764309450'),(37,90,'2023-05-15 14:59:23.046659','박서윤님이 공유앨범에 사진을 업로드 했습니다.','DONE','UPLOAD','2765575663','2764309450'),(38,15,'2023-05-15 15:06:51.708314','김동률님이 동동앨범 앨범에 초대했습니다.','DONE','INVITE','2765575678','2785332733'),(39,92,'2023-05-15 15:07:07.342519','김동욱님이 공유앨범에 사진을 업로드 했습니다.','UNCHECKED','UPLOAD','2785332733','2765575678'),(40,93,'2023-05-15 15:07:18.299406','김동률님이 공유앨범에 사진을 업로드 했습니다.','DONE','UPLOAD','2765575678','2785332733'),(41,94,'2023-05-15 15:07:32.510372','김동률님이 공유앨범에 사진을 업로드 했습니다.','DONE','UPLOAD','2765575678','2785332733'),(42,95,'2023-05-15 15:08:53.856953','김동률님이 공유앨범에 사진을 업로드 했습니다.','DONE','UPLOAD','2765575678','2785332733'),(43,89,'2023-05-15 15:11:44.105289','정상민님이 SNS 포스팅 동의 요청을 보냈습니다.','DONE','SNS','2762811156','2765575663'),(44,89,'2023-05-15 15:11:44.127995','정상민님이 SNS 포스팅 동의 요청을 보냈습니다.','DONE','SNS','2764309450','2765575663'),(45,99,'2023-05-15 15:16:34.064914','박서윤님이 공유앨범에 사진을 업로드 했습니다.','DONE','UPLOAD','2762811156','2764309450'),(46,99,'2023-05-15 15:16:34.074394','박서윤님이 공유앨범에 사진을 업로드 했습니다.','DONE','UPLOAD','2765575663','2764309450'),(47,98,'2023-05-15 15:16:36.549118','박서윤님이 공유앨범에 사진을 업로드 했습니다.','DONE','UPLOAD','2762811156','2764309450'),(48,98,'2023-05-15 15:16:36.551785','박서윤님이 공유앨범에 사진을 업로드 했습니다.','DONE','UPLOAD','2765575663','2764309450'),(49,101,'2023-05-15 15:18:59.061905','박서윤님이 공유앨범에 사진을 업로드 했습니다.','DONE','UPLOAD','2762811156','2764309450'),(50,101,'2023-05-15 15:18:59.067259','박서윤님이 공유앨범에 사진을 업로드 했습니다.','DONE','UPLOAD','2765575663','2764309450'),(51,100,'2023-05-15 15:19:01.583723','박서윤님이 공유앨범에 사진을 업로드 했습니다.','DONE','UPLOAD','2762811156','2764309450'),(52,100,'2023-05-15 15:19:01.588313','박서윤님이 공유앨범에 사진을 업로드 했습니다.','DONE','UPLOAD','2765575663','2764309450'),(53,102,'2023-05-15 15:19:04.234937','박서윤님이 공유앨범에 사진을 업로드 했습니다.','DONE','UPLOAD','2762811156','2764309450'),(54,102,'2023-05-15 15:19:04.237452','박서윤님이 공유앨범에 사진을 업로드 했습니다.','DONE','UPLOAD','2765575663','2764309450'),(55,147,'2023-05-15 16:27:25.826792','차차님이 공유앨범에 사진을 업로드 했습니다.','DONE','UPLOAD','2764309450','2762811156'),(56,147,'2023-05-15 16:27:25.829615','차차님이 공유앨범에 사진을 업로드 했습니다.','DONE','UPLOAD','2765575663','2762811156'),(57,147,'2023-05-15 16:27:25.832084','차차님이 공유앨범에 사진을 업로드 했습니다.','DONE','UPLOAD','2765575678','2762811156'),(58,15,'2023-05-16 09:23:58.010274','김동욱님이 동동앨범 앨범에 초대했습니다.','DONE','INVITE','2765575663','2765575678'),(59,149,'2023-05-16 09:24:40.509288','김동욱님이 공유앨범에 사진을 업로드 했습니다.','DONE','UPLOAD','2765575663','2765575678'),(60,149,'2023-05-16 09:24:40.552611','김동욱님이 공유앨범에 사진을 업로드 했습니다.','UNCHECKED','UPLOAD','2785332733','2765575678'),(61,14,'2023-05-16 09:25:00.295739','정상민님이 대전5반 포에버 앨범에 초대했습니다.','UNCHECKED','INVITE','2785332733','2765575663'),(62,150,'2023-05-16 09:25:28.496289','정상민님이 공유앨범에 사진을 업로드 했습니다.','DONE','UPLOAD','2765575678','2765575663'),(63,150,'2023-05-16 09:25:28.532903','정상민님이 공유앨범에 사진을 업로드 했습니다.','UNCHECKED','UPLOAD','2785332733','2765575663'),(64,93,'2023-05-16 09:26:07.942148','정상민님이 SNS 포스팅 동의 요청을 보냈습니다.','DONE','SNS','2765575678','2765575663'),(65,93,'2023-05-16 09:26:07.975552','정상민님이 SNS 포스팅 동의 요청을 보냈습니다.','UNCHECKED','SNS','2785332733','2765575663'),(66,153,'2023-05-16 15:36:52.136662','최현인님이 공유앨범에 사진을 업로드 했습니다.','DONE','UPLOAD','2762811156','2764815852'),(67,153,'2023-05-16 15:36:52.191411','최현인님이 공유앨범에 사진을 업로드 했습니다.','DONE','UPLOAD','2764309450','2764815852'),(68,153,'2023-05-16 15:36:52.209550','최현인님이 공유앨범에 사진을 업로드 했습니다.','DONE','UPLOAD','2765575663','2764815852'),(69,17,'2023-05-16 15:37:40.243835','김동욱님이 hi 앨범에 초대했습니다.','DONE','INVITE','2764815852','2765575678'),(70,158,'2023-05-16 15:38:38.937200','오태훈님이 공유앨범에 사진을 업로드 했습니다.','DONE','UPLOAD','2765575663','2765520552'),(71,158,'2023-05-16 15:38:38.944926','오태훈님이 공유앨범에 사진을 업로드 했습니다.','DONE','UPLOAD','2765575678','2765520552'),(72,156,'2023-05-16 15:38:41.477479','오태훈님이 공유앨범에 사진을 업로드 했습니다.','DONE','UPLOAD','2765575663','2765520552'),(73,156,'2023-05-16 15:38:41.483303','오태훈님이 공유앨범에 사진을 업로드 했습니다.','DONE','UPLOAD','2765575678','2765520552'),(74,157,'2023-05-16 15:38:43.952324','오태훈님이 공유앨범에 사진을 업로드 했습니다.','DONE','UPLOAD','2765575663','2765520552'),(75,157,'2023-05-16 15:38:43.995768','오태훈님이 공유앨범에 사진을 업로드 했습니다.','DONE','UPLOAD','2765575678','2765520552'),(76,159,'2023-05-16 15:38:46.430245','오태훈님이 공유앨범에 사진을 업로드 했습니다.','DONE','UPLOAD','2765575663','2765520552'),(77,159,'2023-05-16 15:38:46.434692','오태훈님이 공유앨범에 사진을 업로드 했습니다.','DONE','UPLOAD','2765575678','2765520552'),(78,160,'2023-05-16 15:38:48.942164','오태훈님이 공유앨범에 사진을 업로드 했습니다.','DONE','UPLOAD','2765575663','2765520552'),(79,160,'2023-05-16 15:38:48.946410','오태훈님이 공유앨범에 사진을 업로드 했습니다.','DONE','UPLOAD','2765575678','2765520552'),(80,11,'2023-05-16 17:35:26.457936','이슬님이 이슬 앨범에 초대했습니다.','DONE','INVITE','2787293205','2790901032'),(81,11,'2023-05-16 17:37:01.091240','이슬님이 이슬 앨범에 초대했습니다.','DONE','INVITE','2787293205','2790901032'),(82,11,'2023-05-16 17:37:47.484335','이슬님이 이슬 앨범에 초대했습니다.','DONE','INVITE','2787293205','2790901032'),(83,20,'2023-05-16 17:38:16.890257','이진혁님이 ㅋㅋ 앨범에 초대했습니다.','DONE','INVITE','2790901032','2787293205'),(84,168,'2023-05-16 17:48:25.144020','이진혁님이 공유앨범에 사진을 업로드 했습니다.','UNCHECKED','UPLOAD','2790901032','2787293205'),(85,147,'2023-05-17 11:13:50.757867','정상민님이 SNS 포스팅 동의 요청을 보냈습니다.','UNCHECKED','SNS','2762811156','2765575663'),(86,147,'2023-05-17 11:13:50.843365','정상민님이 SNS 포스팅 동의 요청을 보냈습니다.','DONE','SNS','2764309450','2765575663'),(87,147,'2023-05-17 11:13:50.852722','정상민님이 SNS 포스팅 동의 요청을 보냈습니다.','DONE','SNS','2765575678','2765575663'),(88,102,'2023-05-17 11:14:01.461304','정상민님이 SNS 포스팅 동의 요청을 보냈습니다.','UNCHECKED','SNS','2762811156','2765575663'),(89,102,'2023-05-17 11:14:01.479375','정상민님이 SNS 포스팅 동의 요청을 보냈습니다.','DONE','SNS','2764309450','2765575663'),(90,102,'2023-05-17 11:14:01.495226','정상민님이 SNS 포스팅 동의 요청을 보냈습니다.','DONE','SNS','2765575678','2765575663'),(91,21,'2023-05-17 11:15:42.861203','김동욱님이 ㅇㅇ 졸짜장 앨범에 초대했습니다.','DONE','INVITE','2765575663','2765575678'),(92,170,'2023-05-17 11:16:03.487887','김동욱님이 공유앨범에 사진을 업로드 했습니다.','DONE','UPLOAD','2765575663','2765575678'),(93,170,'2023-05-17 11:16:11.974422','김동욱님이 SNS 포스팅 동의 요청을 보냈습니다.','DONE','SNS','2765575663','2765575678'),(94,22,'2023-05-17 11:17:33.366286','김동욱님이 알람 앨범에 초대했습니다.','DONE','INVITE','2765575663','2765575678'),(95,172,'2023-05-17 11:18:23.872805','김동욱님이 SNS 포스팅 동의 요청을 보냈습니다.','CHECKED','SNS','2765575663','2765575678'),(96,175,'2023-05-17 12:57:33.128819','김동욱님이 공유앨범에 사진을 업로드 했습니다.','DONE','UPLOAD','2765575663','2765575678'),(97,177,'2023-05-17 12:58:57.430978','김동욱님이 공유앨범에 사진을 업로드 했습니다.','DONE','UPLOAD','2765575663','2765575678'),(98,23,'2023-05-17 13:33:48.529469','김동욱님이 상민.zip 앨범에 초대했습니다.','DONE','INVITE','2762811156','2765575678'),(99,23,'2023-05-17 13:33:48.534367','김동욱님이 상민.zip 앨범에 초대했습니다.','DONE','INVITE','2764309450','2765575678'),(100,23,'2023-05-17 13:33:48.538769','김동욱님이 상민.zip 앨범에 초대했습니다.','DONE','INVITE','2764815852','2765575678'),(101,23,'2023-05-17 13:33:48.543623','김동욱님이 상민.zip 앨범에 초대했습니다.','DONE','INVITE','2765520552','2765575678'),(102,23,'2023-05-17 13:33:48.549145','김동욱님이 상민.zip 앨범에 초대했습니다.','DONE','INVITE','2765575663','2765575678'),(103,179,'2023-05-17 13:34:24.442097','김동욱님이 공유앨범에 사진을 업로드 했습니다.','DONE','UPLOAD','2765575663','2765575678'),(104,179,'2023-05-17 13:35:04.203568','김동욱님이 SNS 포스팅 동의 요청을 보냈습니다.','DONE','SNS','2765575663','2765575678'),(105,179,'2023-05-17 13:35:31.753968','김동욱님이 SNS 포스팅 동의 요청을 보냈습니다.','DONE','SNS','2765575663','2765575678'),(106,179,'2023-05-17 13:35:40.763867','김동욱님이 SNS 포스팅 동의 요청을 보냈습니다.','DONE','SNS','2765575663','2765575678'),(107,179,'2023-05-17 13:44:44.941708','오태훈님이 SNS 포스팅 동의 요청을 보냈습니다.','DONE','SNS','2765575663','2765520552'),(108,179,'2023-05-17 13:44:44.946931','오태훈님이 SNS 포스팅 동의 요청을 보냈습니다.','DONE','SNS','2765575678','2765520552'),(109,180,'2023-05-17 13:47:13.743071','오태훈님이 공유앨범에 사진을 업로드 했습니다.','DONE','UPLOAD','2765575663','2765520552'),(110,180,'2023-05-17 13:47:13.751291','오태훈님이 공유앨범에 사진을 업로드 했습니다.','DONE','UPLOAD','2765575678','2765520552'),(111,181,'2023-05-17 13:47:16.870656','오태훈님이 공유앨범에 사진을 업로드 했습니다.','DONE','UPLOAD','2765575663','2765520552'),(112,181,'2023-05-17 13:47:16.873681','오태훈님이 공유앨범에 사진을 업로드 했습니다.','DONE','UPLOAD','2765575678','2765520552'),(113,182,'2023-05-17 13:47:19.457271','오태훈님이 공유앨범에 사진을 업로드 했습니다.','DONE','UPLOAD','2765575663','2765520552'),(114,182,'2023-05-17 13:47:19.460249','오태훈님이 공유앨범에 사진을 업로드 했습니다.','DONE','UPLOAD','2765575678','2765520552'),(115,183,'2023-05-17 13:47:50.872205','오태훈님이 공유앨범에 사진을 업로드 했습니다.','DONE','UPLOAD','2765575663','2765520552'),(116,183,'2023-05-17 13:47:50.875080','오태훈님이 공유앨범에 사진을 업로드 했습니다.','DONE','UPLOAD','2765575678','2765520552'),(117,184,'2023-05-17 13:47:53.474165','오태훈님이 공유앨범에 사진을 업로드 했습니다.','DONE','UPLOAD','2765575663','2765520552'),(118,184,'2023-05-17 13:47:53.479535','오태훈님이 공유앨범에 사진을 업로드 했습니다.','DONE','UPLOAD','2765575678','2765520552'),(119,185,'2023-05-17 13:47:56.020480','오태훈님이 공유앨범에 사진을 업로드 했습니다.','DONE','UPLOAD','2765575663','2765520552'),(120,185,'2023-05-17 13:47:56.023567','오태훈님이 공유앨범에 사진을 업로드 했습니다.','DONE','UPLOAD','2765575678','2765520552'),(121,186,'2023-05-17 13:48:08.150497','오태훈님이 공유앨범에 사진을 업로드 했습니다.','DONE','UPLOAD','2765575663','2765520552'),(122,186,'2023-05-17 13:48:08.155202','오태훈님이 공유앨범에 사진을 업로드 했습니다.','DONE','UPLOAD','2765575678','2765520552'),(123,188,'2023-05-17 13:48:11.199046','오태훈님이 공유앨범에 사진을 업로드 했습니다.','DONE','UPLOAD','2765575663','2765520552'),(124,188,'2023-05-17 13:48:11.202523','오태훈님이 공유앨범에 사진을 업로드 했습니다.','DONE','UPLOAD','2765575678','2765520552'),(125,187,'2023-05-17 13:48:13.728055','오태훈님이 공유앨범에 사진을 업로드 했습니다.','DONE','UPLOAD','2765575663','2765520552'),(126,187,'2023-05-17 13:48:13.730799','오태훈님이 공유앨범에 사진을 업로드 했습니다.','DONE','UPLOAD','2765575678','2765520552'),(127,24,'2023-05-17 14:03:39.363027','ㄱ은영님이 월드컵경기장 회 앨범에 초대했습니다.','DONE','INVITE','2765520552','2790954443'),(128,25,'2023-05-17 14:07:54.706537','오태훈님이 대전 2반 앨범에 초대했습니다.','UNCHECKED','INVITE','2785586026','2765520552'),(129,25,'2023-05-17 14:07:54.713358','오태훈님이 대전 2반 앨범에 초대했습니다.','UNCHECKED','INVITE','2793649772','2765520552'),(130,195,'2023-05-17 15:49:05.932735','정상민님이 공유앨범에 사진을 업로드 했습니다.','DONE','UPLOAD','2765520552','2765575663'),(131,195,'2023-05-17 15:49:05.938563','정상민님이 공유앨범에 사진을 업로드 했습니다.','DONE','UPLOAD','2765575678','2765575663'),(132,25,'2023-05-17 16:06:25.713157','오태훈님이 대전 2반 앨범에 초대했습니다.','UNCHECKED','INVITE','2793999102','2765520552'),(133,27,'2023-05-17 16:06:48.322456','용현님이 SSAFY 앨범에 초대했습니다.','DONE','INVITE','2765520552','2793999102'),(134,27,'2023-05-17 16:06:48.328441','용현님이 SSAFY 앨범에 초대했습니다.','UNCHECKED','INVITE','2785323634','2793999102'),(135,27,'2023-05-17 16:06:48.333501','용현님이 SSAFY 앨범에 초대했습니다.','UNCHECKED','INVITE','2793649772','2793999102'),(136,197,'2023-05-17 16:07:21.076854','오태훈님이 공유앨범에 사진을 업로드 했습니다.','DONE','UPLOAD','2793999102','2765520552'),(137,198,'2023-05-17 16:07:37.002432','용현님이 공유앨범에 사진을 업로드 했습니다.','UNCHECKED','UPLOAD','2765520552','2793999102'),(138,199,'2023-05-17 16:08:55.122679','오태훈님이 공유앨범에 사진을 업로드 했습니다.','DONE','UPLOAD','2793999102','2765520552'),(139,179,'2023-05-17 16:23:03.855041','김동욱님이 SNS 포스팅 동의 요청을 보냈습니다.','DONE','SNS','2765520552','2765575678'),(140,179,'2023-05-17 16:23:03.861924','김동욱님이 SNS 포스팅 동의 요청을 보냈습니다.','DONE','SNS','2765575663','2765575678'),(141,200,'2023-05-17 16:23:37.403556','김동욱님이 공유앨범에 사진을 업로드 했습니다.','DONE','UPLOAD','2765575663','2765575678'),(142,201,'2023-05-17 16:23:54.656055','김동욱님이 공유앨범에 사진을 업로드 했습니다.','DONE','UPLOAD','2765575663','2765575678'),(143,202,'2023-05-17 16:23:57.145781','김동욱님이 공유앨범에 사진을 업로드 했습니다.','DONE','UPLOAD','2765575663','2765575678'),(144,203,'2023-05-17 16:27:16.976371','정상민님이 공유앨범에 사진을 업로드 했습니다.','DONE','UPLOAD','2765575678','2765575663'),(145,204,'2023-05-17 16:27:35.130545','김동욱님이 공유앨범에 사진을 업로드 했습니다.','DONE','UPLOAD','2765575663','2765575678'),(146,205,'2023-05-17 16:49:51.922273','정상민님이 공유앨범에 사진을 업로드 했습니다.','DONE','UPLOAD','2765520552','2765575663'),(147,205,'2023-05-17 16:49:51.925138','정상민님이 공유앨범에 사진을 업로드 했습니다.','DONE','UPLOAD','2765575678','2765575663'),(148,206,'2023-05-17 16:54:15.692578','정상민님이 공유앨범에 사진을 업로드 했습니다.','DONE','UPLOAD','2762811156','2765575663'),(149,206,'2023-05-17 16:54:15.694627','정상민님이 공유앨범에 사진을 업로드 했습니다.','DONE','UPLOAD','2764309450','2765575663'),(150,206,'2023-05-17 16:54:15.698264','정상민님이 공유앨범에 사진을 업로드 했습니다.','DONE','UPLOAD','2764815852','2765575663'),(151,207,'2023-05-17 17:13:47.748996','정상민님이 공유앨범에 사진을 업로드 했습니다.','DONE','UPLOAD','2765520552','2765575663'),(152,207,'2023-05-17 17:13:47.751195','정상민님이 공유앨범에 사진을 업로드 했습니다.','DONE','UPLOAD','2765575678','2765575663'),(153,209,'2023-05-17 17:17:13.477094','정상민님이 공유앨범에 사진을 업로드 했습니다.','DONE','UPLOAD','2765575678','2765575663'),(154,5,'2023-05-17 17:17:34.887930','정상민님이 오운완 앨범에 초대했습니다.','DONE','INVITE','2765575678','2765575663'),(155,210,'2023-05-17 17:19:00.734433','김동욱님이 공유앨범에 사진을 업로드 했습니다.','DONE','UPLOAD','2765575663','2765575678'),(156,211,'2023-05-17 17:20:34.234241','김동욱님이 공유앨범에 사진을 업로드 했습니다.','DONE','UPLOAD','2765575663','2765575678'),(157,212,'2023-05-17 17:22:10.926908','김동욱님이 공유앨범에 사진을 업로드 했습니다.','DONE','UPLOAD','2765575663','2765575678'),(158,213,'2023-05-17 17:23:00.873547','김동욱님이 공유앨범에 사진을 업로드 했습니다.','DONE','UPLOAD','2765575663','2765575678'),(159,214,'2023-05-17 17:25:08.253749','김동욱님이 공유앨범에 사진을 업로드 했습니다.','DONE','UPLOAD','2765575663','2765575678'),(160,215,'2023-05-17 17:27:27.196603','김동욱님이 공유앨범에 사진을 업로드 했습니다.','DONE','UPLOAD','2765575663','2765575678'),(161,216,'2023-05-17 17:33:52.524509','김동욱님이 공유앨범에 사진을 업로드 했습니다.','DONE','UPLOAD','2765575663','2765575678'),(162,217,'2023-05-17 17:35:36.388614','김동욱님이 공유앨범에 사진을 업로드 했습니다.','DONE','UPLOAD','2765575663','2765575678'),(163,28,'2023-05-17 17:39:58.367427','김동욱님이 English 앨범에 초대했습니다.','DONE','INVITE','2765575663','2765575678'),(164,219,'2023-05-17 17:41:31.051856','김동욱님이 공유앨범에 사진을 업로드 했습니다.','DONE','UPLOAD','2765575663','2765575678'),(165,220,'2023-05-17 17:41:33.394275','김동욱님이 공유앨범에 사진을 업로드 했습니다.','DONE','UPLOAD','2765575663','2765575678'),(166,221,'2023-05-17 21:42:05.198676','정상민님이 공유앨범에 사진을 업로드 했습니다.','DONE','UPLOAD','2765575678','2765575663'),(167,29,'2023-05-17 21:44:55.980682','이현구님이 구스 앨범에 초대했습니다.','DONE','INVITE','2764309450','2772839750'),(168,225,'2023-05-17 22:16:58.598733','김동욱님이 공유앨범에 사진을 업로드 했습니다.','DONE','UPLOAD','2765575663','2765575678'),(169,21,'2023-05-17 22:20:51.816473','정상민님이 Danny\'s 맛집 앨범에 초대했습니다.','DONE','INVITE','2762811156','2765575663'),(170,21,'2023-05-17 22:20:51.820695','정상민님이 Danny\'s 맛집 앨범에 초대했습니다.','DONE','INVITE','2764309450','2765575663'),(171,21,'2023-05-17 22:20:51.824229','정상민님이 Danny\'s 맛집 앨범에 초대했습니다.','DONE','INVITE','2764815852','2765575663'),(172,23,'2023-05-17 22:33:01.259944','정상민님이 상민.zip 앨범에 초대했습니다.','DONE','INVITE','2772839750','2765575663'),(173,220,'2023-05-17 22:37:56.877373','김동욱님이 SNS 포스팅 동의 요청을 보냈습니다.','DONE','SNS','2765575663','2765575678'),(174,226,'2023-05-17 22:38:28.696377','박서윤님이 공유앨범에 사진을 업로드 했습니다.','DONE','UPLOAD','2772839750','2764309450'),(175,227,'2023-05-17 22:39:04.156562','박서윤님이 공유앨범에 사진을 업로드 했습니다.','DONE','UPLOAD','2772839750','2764309450'),(176,219,'2023-05-17 22:39:35.773930','김동욱님이 SNS 포스팅 동의 요청을 보냈습니다.','CHECKED','SNS','2765575663','2765575678'),(177,228,'2023-05-17 22:39:58.354013','박서윤님이 공유앨범에 사진을 업로드 했습니다.','DONE','UPLOAD','2772839750','2764309450'),(178,229,'2023-05-17 22:42:41.449738','정상민님이 공유앨범에 사진을 업로드 했습니다.','DONE','UPLOAD','2764309450','2765575663'),(179,229,'2023-05-17 22:42:41.452150','정상민님이 공유앨범에 사진을 업로드 했습니다.','DONE','UPLOAD','2764815852','2765575663'),(180,229,'2023-05-17 22:42:41.454801','정상민님이 공유앨범에 사진을 업로드 했습니다.','DONE','UPLOAD','2765520552','2765575663'),(181,229,'2023-05-17 22:42:41.457897','정상민님이 공유앨범에 사진을 업로드 했습니다.','DONE','UPLOAD','2765575678','2765575663'),(182,229,'2023-05-17 22:42:41.461560','정상민님이 공유앨범에 사진을 업로드 했습니다.','DONE','UPLOAD','2772839750','2765575663'),(183,12,'2023-05-17 22:43:04.376531','정상민님이 화목한자율1팀 앨범에 초대했습니다.','DONE','INVITE','2765520552','2765575663'),(184,12,'2023-05-17 22:43:04.382166','정상민님이 화목한자율1팀 앨범에 초대했습니다.','DONE','INVITE','2765575678','2765575663'),(185,230,'2023-05-17 22:43:46.193078','박서윤님이 공유앨범에 사진을 업로드 했습니다.','DONE','UPLOAD','2762811156','2764309450'),(186,230,'2023-05-17 22:43:46.195213','박서윤님이 공유앨범에 사진을 업로드 했습니다.','DONE','UPLOAD','2764815852','2764309450'),(187,230,'2023-05-17 22:43:46.197424','박서윤님이 공유앨범에 사진을 업로드 했습니다.','DONE','UPLOAD','2765575663','2764309450'),(188,230,'2023-05-17 22:43:46.199531','박서윤님이 공유앨범에 사진을 업로드 했습니다.','DONE','UPLOAD','2765575678','2764309450'),(189,23,'2023-05-17 22:43:57.301526','정상민님이 상민.zip 앨범에 초대했습니다.','UNCHECKED','INVITE','2785332733','2765575663'),(190,231,'2023-05-17 22:44:28.096123','박서윤님이 공유앨범에 사진을 업로드 했습니다.','DONE','UPLOAD','2762811156','2764309450'),(191,231,'2023-05-17 22:44:28.114331','박서윤님이 공유앨범에 사진을 업로드 했습니다.','DONE','UPLOAD','2764815852','2764309450'),(192,231,'2023-05-17 22:44:28.128454','박서윤님이 공유앨범에 사진을 업로드 했습니다.','DONE','UPLOAD','2765520552','2764309450'),(193,231,'2023-05-17 22:44:28.139516','박서윤님이 공유앨범에 사진을 업로드 했습니다.','DONE','UPLOAD','2765575663','2764309450'),(194,231,'2023-05-17 22:44:28.145847','박서윤님이 공유앨범에 사진을 업로드 했습니다.','DONE','UPLOAD','2765575678','2764309450'),(195,232,'2023-05-17 22:44:34.438789','김동욱님이 공유앨범에 사진을 업로드 했습니다.','DONE','UPLOAD','2762811156','2765575678'),(196,232,'2023-05-17 22:44:34.440990','김동욱님이 공유앨범에 사진을 업로드 했습니다.','DONE','UPLOAD','2764309450','2765575678'),(197,232,'2023-05-17 22:44:34.442846','김동욱님이 공유앨범에 사진을 업로드 했습니다.','DONE','UPLOAD','2764815852','2765575678'),(198,232,'2023-05-17 22:44:34.444558','김동욱님이 공유앨범에 사진을 업로드 했습니다.','DONE','UPLOAD','2765520552','2765575678'),(199,232,'2023-05-17 22:44:34.446469','김동욱님이 공유앨범에 사진을 업로드 했습니다.','DONE','UPLOAD','2765575663','2765575678'),(200,234,'2023-05-17 22:44:36.918366','김동욱님이 공유앨범에 사진을 업로드 했습니다.','DONE','UPLOAD','2762811156','2765575678'),(201,234,'2023-05-17 22:44:36.920697','김동욱님이 공유앨범에 사진을 업로드 했습니다.','DONE','UPLOAD','2764309450','2765575678'),(202,234,'2023-05-17 22:44:36.922947','김동욱님이 공유앨범에 사진을 업로드 했습니다.','DONE','UPLOAD','2764815852','2765575678'),(203,234,'2023-05-17 22:44:36.924916','김동욱님이 공유앨범에 사진을 업로드 했습니다.','DONE','UPLOAD','2765520552','2765575678'),(204,234,'2023-05-17 22:44:36.933375','김동욱님이 공유앨범에 사진을 업로드 했습니다.','DONE','UPLOAD','2765575663','2765575678'),(205,233,'2023-05-17 22:44:39.406473','김동욱님이 공유앨범에 사진을 업로드 했습니다.','DONE','UPLOAD','2762811156','2765575678'),(206,233,'2023-05-17 22:44:39.408385','김동욱님이 공유앨범에 사진을 업로드 했습니다.','DONE','UPLOAD','2764309450','2765575678'),(207,233,'2023-05-17 22:44:39.410141','김동욱님이 공유앨범에 사진을 업로드 했습니다.','DONE','UPLOAD','2764815852','2765575678'),(208,233,'2023-05-17 22:44:39.411753','김동욱님이 공유앨범에 사진을 업로드 했습니다.','DONE','UPLOAD','2765520552','2765575678'),(209,233,'2023-05-17 22:44:39.413706','김동욱님이 공유앨범에 사진을 업로드 했습니다.','DONE','UPLOAD','2765575663','2765575678'),(210,235,'2023-05-17 22:44:44.750847','오태훈님이 공유앨범에 사진을 업로드 했습니다.','DONE','UPLOAD','2762811156','2765520552'),(211,235,'2023-05-17 22:44:44.752966','오태훈님이 공유앨범에 사진을 업로드 했습니다.','DONE','UPLOAD','2764309450','2765520552'),(212,235,'2023-05-17 22:44:44.755086','오태훈님이 공유앨범에 사진을 업로드 했습니다.','DONE','UPLOAD','2764815852','2765520552'),(213,235,'2023-05-17 22:44:44.758752','오태훈님이 공유앨범에 사진을 업로드 했습니다.','DONE','UPLOAD','2765575663','2765520552'),(214,235,'2023-05-17 22:44:44.762488','오태훈님이 공유앨범에 사진을 업로드 했습니다.','DONE','UPLOAD','2765575678','2765520552'),(215,236,'2023-05-17 22:44:53.331967','정상민님이 공유앨범에 사진을 업로드 했습니다.','DONE','UPLOAD','2762811156','2765575663'),(216,236,'2023-05-17 22:44:53.334601','정상민님이 공유앨범에 사진을 업로드 했습니다.','DONE','UPLOAD','2764309450','2765575663'),(217,236,'2023-05-17 22:44:53.339268','정상민님이 공유앨범에 사진을 업로드 했습니다.','DONE','UPLOAD','2764815852','2765575663'),(218,236,'2023-05-17 22:44:53.341453','정상민님이 공유앨범에 사진을 업로드 했습니다.','DONE','UPLOAD','2765520552','2765575663'),(219,236,'2023-05-17 22:44:53.348465','정상민님이 공유앨범에 사진을 업로드 했습니다.','DONE','UPLOAD','2765575678','2765575663'),(220,237,'2023-05-17 22:45:15.174618','오태훈님이 공유앨범에 사진을 업로드 했습니다.','DONE','UPLOAD','2762811156','2765520552'),(221,237,'2023-05-17 22:45:15.177063','오태훈님이 공유앨범에 사진을 업로드 했습니다.','DONE','UPLOAD','2764309450','2765520552'),(222,237,'2023-05-17 22:45:15.179890','오태훈님이 공유앨범에 사진을 업로드 했습니다.','DONE','UPLOAD','2764815852','2765520552'),(223,237,'2023-05-17 22:45:15.182193','오태훈님이 공유앨범에 사진을 업로드 했습니다.','DONE','UPLOAD','2765575663','2765520552'),(224,237,'2023-05-17 22:45:15.187548','오태훈님이 공유앨범에 사진을 업로드 했습니다.','DONE','UPLOAD','2765575678','2765520552'),(225,238,'2023-05-17 22:45:33.900989','정상민님이 공유앨범에 사진을 업로드 했습니다.','DONE','UPLOAD','2762811156','2765575663'),(226,238,'2023-05-17 22:45:33.903438','정상민님이 공유앨범에 사진을 업로드 했습니다.','DONE','UPLOAD','2764309450','2765575663'),(227,238,'2023-05-17 22:45:33.906919','정상민님이 공유앨범에 사진을 업로드 했습니다.','UNCHECKED','UPLOAD','2764815852','2765575663'),(228,238,'2023-05-17 22:45:33.909642','정상민님이 공유앨범에 사진을 업로드 했습니다.','DONE','UPLOAD','2765520552','2765575663'),(229,238,'2023-05-17 22:45:33.911816','정상민님이 공유앨범에 사진을 업로드 했습니다.','DONE','UPLOAD','2765575678','2765575663'),(230,239,'2023-05-17 22:45:36.465814','정상민님이 공유앨범에 사진을 업로드 했습니다.','DONE','UPLOAD','2762811156','2765575663'),(231,239,'2023-05-17 22:45:36.468426','정상민님이 공유앨범에 사진을 업로드 했습니다.','DONE','UPLOAD','2764309450','2765575663'),(232,239,'2023-05-17 22:45:36.471724','정상민님이 공유앨범에 사진을 업로드 했습니다.','UNCHECKED','UPLOAD','2764815852','2765575663'),(233,239,'2023-05-17 22:45:36.474077','정상민님이 공유앨범에 사진을 업로드 했습니다.','DONE','UPLOAD','2765520552','2765575663'),(234,239,'2023-05-17 22:45:36.476385','정상민님이 공유앨범에 사진을 업로드 했습니다.','DONE','UPLOAD','2765575678','2765575663'),(235,240,'2023-05-17 22:46:07.762587','김동욱님이 공유앨범에 사진을 업로드 했습니다.','DONE','UPLOAD','2762811156','2765575678'),(236,240,'2023-05-17 22:46:07.768199','김동욱님이 공유앨범에 사진을 업로드 했습니다.','DONE','UPLOAD','2764309450','2765575678'),(237,240,'2023-05-17 22:46:07.769975','김동욱님이 공유앨범에 사진을 업로드 했습니다.','UNCHECKED','UPLOAD','2764815852','2765575678'),(238,240,'2023-05-17 22:46:07.771617','김동욱님이 공유앨범에 사진을 업로드 했습니다.','DONE','UPLOAD','2765520552','2765575678'),(239,240,'2023-05-17 22:46:07.773789','김동욱님이 공유앨범에 사진을 업로드 했습니다.','DONE','UPLOAD','2765575663','2765575678'),(240,240,'2023-05-17 22:46:28.504607','김동욱님이 SNS 포스팅 동의 요청을 보냈습니다.','UNCHECKED','SNS','2762811156','2765575678'),(241,240,'2023-05-17 22:46:28.514786','김동욱님이 SNS 포스팅 동의 요청을 보냈습니다.','DONE','SNS','2764309450','2765575678'),(242,240,'2023-05-17 22:46:28.516967','김동욱님이 SNS 포스팅 동의 요청을 보냈습니다.','UNCHECKED','SNS','2764815852','2765575678'),(243,240,'2023-05-17 22:46:28.519029','김동욱님이 SNS 포스팅 동의 요청을 보냈습니다.','DONE','SNS','2765520552','2765575678'),(244,240,'2023-05-17 22:46:28.522534','김동욱님이 SNS 포스팅 동의 요청을 보냈습니다.','DONE','SNS','2765575663','2765575678'),(245,241,'2023-05-17 22:46:33.937887','정상민님이 공유앨범에 사진을 업로드 했습니다.','DONE','UPLOAD','2762811156','2765575663'),(246,241,'2023-05-17 22:46:33.940191','정상민님이 공유앨범에 사진을 업로드 했습니다.','DONE','UPLOAD','2764309450','2765575663'),(247,241,'2023-05-17 22:46:33.946211','정상민님이 공유앨범에 사진을 업로드 했습니다.','UNCHECKED','UPLOAD','2764815852','2765575663'),(248,241,'2023-05-17 22:46:33.948329','정상민님이 공유앨범에 사진을 업로드 했습니다.','DONE','UPLOAD','2765520552','2765575663'),(249,241,'2023-05-17 22:46:33.950465','정상민님이 공유앨범에 사진을 업로드 했습니다.','DONE','UPLOAD','2765575678','2765575663'),(250,242,'2023-05-17 22:47:06.867829','오태훈님이 공유앨범에 사진을 업로드 했습니다.','DONE','UPLOAD','2762811156','2765520552'),(251,242,'2023-05-17 22:47:06.870152','오태훈님이 공유앨범에 사진을 업로드 했습니다.','DONE','UPLOAD','2764309450','2765520552'),(252,242,'2023-05-17 22:47:06.881865','오태훈님이 공유앨범에 사진을 업로드 했습니다.','UNCHECKED','UPLOAD','2764815852','2765520552'),(253,242,'2023-05-17 22:47:06.885049','오태훈님이 공유앨범에 사진을 업로드 했습니다.','DONE','UPLOAD','2765575663','2765520552'),(254,242,'2023-05-17 22:47:06.887285','오태훈님이 공유앨범에 사진을 업로드 했습니다.','DONE','UPLOAD','2765575678','2765520552'),(255,243,'2023-05-17 22:47:09.471494','오태훈님이 공유앨범에 사진을 업로드 했습니다.','DONE','UPLOAD','2762811156','2765520552'),(256,243,'2023-05-17 22:47:09.473740','오태훈님이 공유앨범에 사진을 업로드 했습니다.','DONE','UPLOAD','2764309450','2765520552'),(257,243,'2023-05-17 22:47:09.475949','오태훈님이 공유앨범에 사진을 업로드 했습니다.','UNCHECKED','UPLOAD','2764815852','2765520552'),(258,243,'2023-05-17 22:47:09.477880','오태훈님이 공유앨범에 사진을 업로드 했습니다.','DONE','UPLOAD','2765575663','2765520552'),(259,243,'2023-05-17 22:47:09.480747','오태훈님이 공유앨범에 사진을 업로드 했습니다.','DONE','UPLOAD','2765575678','2765520552'),(260,244,'2023-05-17 22:47:42.826342','오태훈님이 공유앨범에 사진을 업로드 했습니다.','DONE','UPLOAD','2762811156','2765520552'),(261,244,'2023-05-17 22:47:42.828922','오태훈님이 공유앨범에 사진을 업로드 했습니다.','DONE','UPLOAD','2764309450','2765520552'),(262,244,'2023-05-17 22:47:42.831513','오태훈님이 공유앨범에 사진을 업로드 했습니다.','UNCHECKED','UPLOAD','2764815852','2765520552'),(263,244,'2023-05-17 22:47:42.854797','오태훈님이 공유앨범에 사진을 업로드 했습니다.','DONE','UPLOAD','2765575663','2765520552'),(264,244,'2023-05-17 22:47:42.866621','오태훈님이 공유앨범에 사진을 업로드 했습니다.','DONE','UPLOAD','2765575678','2765520552'),(265,245,'2023-05-17 22:47:50.534806','정상민님이 공유앨범에 사진을 업로드 했습니다.','DONE','UPLOAD','2762811156','2765575663'),(266,245,'2023-05-17 22:47:50.536712','정상민님이 공유앨범에 사진을 업로드 했습니다.','DONE','UPLOAD','2764309450','2765575663'),(267,245,'2023-05-17 22:47:50.538359','정상민님이 공유앨범에 사진을 업로드 했습니다.','UNCHECKED','UPLOAD','2764815852','2765575663'),(268,245,'2023-05-17 22:47:50.539939','정상민님이 공유앨범에 사진을 업로드 했습니다.','DONE','UPLOAD','2765520552','2765575663'),(269,245,'2023-05-17 22:47:50.541532','정상민님이 공유앨범에 사진을 업로드 했습니다.','DONE','UPLOAD','2765575678','2765575663'),(270,246,'2023-05-17 22:48:22.615460','정상민님이 공유앨범에 사진을 업로드 했습니다.','DONE','UPLOAD','2762811156','2765575663'),(271,246,'2023-05-17 22:48:22.618111','정상민님이 공유앨범에 사진을 업로드 했습니다.','DONE','UPLOAD','2764309450','2765575663'),(272,246,'2023-05-17 22:48:22.619952','정상민님이 공유앨범에 사진을 업로드 했습니다.','UNCHECKED','UPLOAD','2764815852','2765575663'),(273,246,'2023-05-17 22:48:22.621857','정상민님이 공유앨범에 사진을 업로드 했습니다.','DONE','UPLOAD','2765520552','2765575663'),(274,246,'2023-05-17 22:48:22.623560','정상민님이 공유앨범에 사진을 업로드 했습니다.','DONE','UPLOAD','2765575678','2765575663'),(275,247,'2023-05-17 22:49:07.078709','정상민님이 공유앨범에 사진을 업로드 했습니다.','DONE','UPLOAD','2762811156','2765575663'),(276,247,'2023-05-17 22:49:07.081111','정상민님이 공유앨범에 사진을 업로드 했습니다.','DONE','UPLOAD','2764309450','2765575663'),(277,247,'2023-05-17 22:49:07.083445','정상민님이 공유앨범에 사진을 업로드 했습니다.','UNCHECKED','UPLOAD','2764815852','2765575663'),(278,247,'2023-05-17 22:49:07.085883','정상민님이 공유앨범에 사진을 업로드 했습니다.','DONE','UPLOAD','2765520552','2765575663'),(279,247,'2023-05-17 22:49:07.088156','정상민님이 공유앨범에 사진을 업로드 했습니다.','DONE','UPLOAD','2765575678','2765575663'),(280,248,'2023-05-17 22:49:09.658459','정상민님이 공유앨범에 사진을 업로드 했습니다.','DONE','UPLOAD','2762811156','2765575663'),(281,248,'2023-05-17 22:49:09.660899','정상민님이 공유앨범에 사진을 업로드 했습니다.','DONE','UPLOAD','2764309450','2765575663'),(282,248,'2023-05-17 22:49:09.663015','정상민님이 공유앨범에 사진을 업로드 했습니다.','UNCHECKED','UPLOAD','2764815852','2765575663'),(283,248,'2023-05-17 22:49:09.666519','정상민님이 공유앨범에 사진을 업로드 했습니다.','DONE','UPLOAD','2765520552','2765575663'),(284,248,'2023-05-17 22:49:09.668313','정상민님이 공유앨범에 사진을 업로드 했습니다.','DONE','UPLOAD','2765575678','2765575663'),(285,250,'2023-05-17 22:49:12.211953','정상민님이 공유앨범에 사진을 업로드 했습니다.','DONE','UPLOAD','2762811156','2765575663'),(286,250,'2023-05-17 22:49:12.214159','정상민님이 공유앨범에 사진을 업로드 했습니다.','DONE','UPLOAD','2764309450','2765575663'),(287,250,'2023-05-17 22:49:12.216178','정상민님이 공유앨범에 사진을 업로드 했습니다.','UNCHECKED','UPLOAD','2764815852','2765575663'),(288,250,'2023-05-17 22:49:12.218149','정상민님이 공유앨범에 사진을 업로드 했습니다.','DONE','UPLOAD','2765520552','2765575663'),(289,250,'2023-05-17 22:49:12.220011','정상민님이 공유앨범에 사진을 업로드 했습니다.','DONE','UPLOAD','2765575678','2765575663'),(290,249,'2023-05-17 22:49:14.886081','정상민님이 공유앨범에 사진을 업로드 했습니다.','DONE','UPLOAD','2762811156','2765575663'),(291,249,'2023-05-17 22:49:14.889772','정상민님이 공유앨범에 사진을 업로드 했습니다.','DONE','UPLOAD','2764309450','2765575663'),(292,249,'2023-05-17 22:49:14.892755','정상민님이 공유앨범에 사진을 업로드 했습니다.','UNCHECKED','UPLOAD','2764815852','2765575663'),(293,249,'2023-05-17 22:49:14.894710','정상민님이 공유앨범에 사진을 업로드 했습니다.','UNCHECKED','UPLOAD','2765520552','2765575663'),(294,249,'2023-05-17 22:49:14.896426','정상민님이 공유앨범에 사진을 업로드 했습니다.','DONE','UPLOAD','2765575678','2765575663'),(295,251,'2023-05-18 15:26:38.915389','정상민님이 공유앨범에 사진을 업로드 했습니다.','DONE','UPLOAD','2762811156','2765575663'),(296,251,'2023-05-18 15:26:38.918583','정상민님이 공유앨범에 사진을 업로드 했습니다.','DONE','UPLOAD','2764309450','2765575663'),(297,251,'2023-05-18 15:26:38.920863','정상민님이 공유앨범에 사진을 업로드 했습니다.','UNCHECKED','UPLOAD','2764815852','2765575663'),(298,251,'2023-05-18 15:26:38.922988','정상민님이 공유앨범에 사진을 업로드 했습니다.','UNCHECKED','UPLOAD','2765520552','2765575663'),(299,251,'2023-05-18 15:26:38.925150','정상민님이 공유앨범에 사진을 업로드 했습니다.','DONE','UPLOAD','2765575678','2765575663'),(300,246,'2023-05-18 15:28:53.336507','정상민님이 SNS 포스팅 동의 요청을 보냈습니다.','UNCHECKED','SNS','2762811156','2765575663'),(301,246,'2023-05-18 15:28:53.354304','정상민님이 SNS 포스팅 동의 요청을 보냈습니다.','DONE','SNS','2764309450','2765575663'),(302,246,'2023-05-18 15:28:53.356144','정상민님이 SNS 포스팅 동의 요청을 보냈습니다.','UNCHECKED','SNS','2764815852','2765575663'),(303,246,'2023-05-18 15:28:53.357898','정상민님이 SNS 포스팅 동의 요청을 보냈습니다.','DONE','SNS','2765520552','2765575663'),(304,246,'2023-05-18 15:28:53.359650','정상민님이 SNS 포스팅 동의 요청을 보냈습니다.','DONE','SNS','2765575678','2765575663'),(305,205,'2023-05-18 15:32:43.553267','오태훈님이 SNS 포스팅 동의 요청을 보냈습니다.','UNCHECKED','SNS','2765575663','2765520552'),(306,205,'2023-05-18 15:32:43.561898','오태훈님이 SNS 포스팅 동의 요청을 보냈습니다.','CHECKED','SNS','2765575678','2765520552'),(307,184,'2023-05-18 15:33:01.264953','오태훈님이 SNS 포스팅 동의 요청을 보냈습니다.','CHECKED','SNS','2765575663','2765520552'),(308,184,'2023-05-18 15:33:01.269868','오태훈님이 SNS 포스팅 동의 요청을 보냈습니다.','UNCHECKED','SNS','2765575678','2765520552'),(309,160,'2023-05-18 15:33:05.669885','오태훈님이 SNS 포스팅 동의 요청을 보냈습니다.','CHECKED','SNS','2765575663','2765520552'),(310,160,'2023-05-18 15:33:05.674336','오태훈님이 SNS 포스팅 동의 요청을 보냈습니다.','UNCHECKED','SNS','2765575678','2765520552'),(311,30,'2023-05-18 16:10:26.038559','정상민님이 앨범 생성 앨범에 초대했습니다.','DONE','INVITE','2764309450','2765575663'),(312,30,'2023-05-18 16:10:26.042887','정상민님이 앨범 생성 앨범에 초대했습니다.','DONE','INVITE','2765520552','2765575663'),(313,30,'2023-05-18 16:10:26.046983','정상민님이 앨범 생성 앨범에 초대했습니다.','UNCHECKED','INVITE','2765575678','2765575663'),(314,30,'2023-05-18 16:10:26.050295','정상민님이 앨범 생성 앨범에 초대했습니다.','UNCHECKED','INVITE','2785332733','2765575663'),(315,12,'2023-05-18 16:14:39.234725','오태훈님이 화목한자율1팀 앨범에 초대했습니다.','DONE','INVITE','2765575663','2765520552'),(316,229,'2023-05-18 16:14:56.540138','오태훈님이 SNS 포스팅 동의 요청을 보냈습니다.','DONE','SNS','2764309450','2765520552'),(317,229,'2023-05-18 16:14:56.547756','오태훈님이 SNS 포스팅 동의 요청을 보냈습니다.','UNCHECKED','SNS','2764815852','2765520552'),(318,229,'2023-05-18 16:14:56.549611','오태훈님이 SNS 포스팅 동의 요청을 보냈습니다.','UNCHECKED','SNS','2765575663','2765520552'),(319,229,'2023-05-18 16:14:56.551889','오태훈님이 SNS 포스팅 동의 요청을 보냈습니다.','UNCHECKED','SNS','2765575678','2765520552'),(320,229,'2023-05-18 16:14:56.553577','오태훈님이 SNS 포스팅 동의 요청을 보냈습니다.','UNCHECKED','SNS','2772839750','2765520552'),(321,12,'2023-05-18 16:15:25.312038','오태훈님이 화목한자율1팀 앨범에 초대했습니다.','DONE','INVITE','2765575663','2765520552'),(322,253,'2023-05-18 16:34:44.364696','정상민님이 공유앨범에 사진을 업로드 했습니다.','UNCHECKED','UPLOAD','2762811156','2765575663'),(323,253,'2023-05-18 16:34:44.367690','정상민님이 공유앨범에 사진을 업로드 했습니다.','DONE','UPLOAD','2764309450','2765575663'),(324,253,'2023-05-18 16:34:44.370693','정상민님이 공유앨범에 사진을 업로드 했습니다.','UNCHECKED','UPLOAD','2764815852','2765575663'),(325,253,'2023-05-18 16:34:44.372838','정상민님이 공유앨범에 사진을 업로드 했습니다.','UNCHECKED','UPLOAD','2765520552','2765575663'),(326,253,'2023-05-18 16:34:44.375754','정상민님이 공유앨범에 사진을 업로드 했습니다.','DONE','UPLOAD','2765575678','2765575663'),(327,254,'2023-05-18 16:34:47.131343','정상민님이 공유앨범에 사진을 업로드 했습니다.','UNCHECKED','UPLOAD','2762811156','2765575663'),(328,254,'2023-05-18 16:34:47.133279','정상민님이 공유앨범에 사진을 업로드 했습니다.','DONE','UPLOAD','2764309450','2765575663'),(329,254,'2023-05-18 16:34:47.134882','정상민님이 공유앨범에 사진을 업로드 했습니다.','UNCHECKED','UPLOAD','2764815852','2765575663'),(330,254,'2023-05-18 16:34:47.136550','정상민님이 공유앨범에 사진을 업로드 했습니다.','UNCHECKED','UPLOAD','2765520552','2765575663'),(331,254,'2023-05-18 16:34:47.138373','정상민님이 공유앨범에 사진을 업로드 했습니다.','DONE','UPLOAD','2765575678','2765575663'),(332,255,'2023-05-18 16:34:49.510813','정상민님이 공유앨범에 사진을 업로드 했습니다.','UNCHECKED','UPLOAD','2762811156','2765575663'),(333,255,'2023-05-18 16:34:49.513409','정상민님이 공유앨범에 사진을 업로드 했습니다.','DONE','UPLOAD','2764309450','2765575663'),(334,255,'2023-05-18 16:34:49.515250','정상민님이 공유앨범에 사진을 업로드 했습니다.','UNCHECKED','UPLOAD','2764815852','2765575663'),(335,255,'2023-05-18 16:34:49.517018','정상민님이 공유앨범에 사진을 업로드 했습니다.','UNCHECKED','UPLOAD','2765520552','2765575663'),(336,255,'2023-05-18 16:34:49.518707','정상민님이 공유앨범에 사진을 업로드 했습니다.','DONE','UPLOAD','2765575678','2765575663'),(337,256,'2023-05-18 16:35:25.386965','정상민님이 공유앨범에 사진을 업로드 했습니다.','UNCHECKED','UPLOAD','2762811156','2765575663'),(338,256,'2023-05-18 16:35:25.388843','정상민님이 공유앨범에 사진을 업로드 했습니다.','DONE','UPLOAD','2764309450','2765575663'),(339,256,'2023-05-18 16:35:25.390390','정상민님이 공유앨범에 사진을 업로드 했습니다.','UNCHECKED','UPLOAD','2764815852','2765575663'),(340,256,'2023-05-18 16:35:25.398173','정상민님이 공유앨범에 사진을 업로드 했습니다.','UNCHECKED','UPLOAD','2765520552','2765575663'),(341,256,'2023-05-18 16:35:25.400143','정상민님이 공유앨범에 사진을 업로드 했습니다.','DONE','UPLOAD','2765575678','2765575663'),(342,241,'2023-05-18 16:44:27.663447','오태훈님이 SNS 포스팅 동의 요청을 보냈습니다.','UNCHECKED','SNS','2762811156','2765520552'),(343,241,'2023-05-18 16:44:27.672394','오태훈님이 SNS 포스팅 동의 요청을 보냈습니다.','DONE','SNS','2764309450','2765520552'),(344,241,'2023-05-18 16:44:27.674196','오태훈님이 SNS 포스팅 동의 요청을 보냈습니다.','UNCHECKED','SNS','2764815852','2765520552'),(345,241,'2023-05-18 16:44:27.676302','오태훈님이 SNS 포스팅 동의 요청을 보냈습니다.','UNCHECKED','SNS','2765575663','2765520552'),(346,241,'2023-05-18 16:44:27.678580','오태훈님이 SNS 포스팅 동의 요청을 보냈습니다.','UNCHECKED','SNS','2765575678','2765520552'),(347,242,'2023-05-18 16:44:39.746331','오태훈님이 SNS 포스팅 동의 요청을 보냈습니다.','UNCHECKED','SNS','2762811156','2765520552'),(348,242,'2023-05-18 16:44:39.756591','오태훈님이 SNS 포스팅 동의 요청을 보냈습니다.','DONE','SNS','2764309450','2765520552'),(349,242,'2023-05-18 16:44:39.758310','오태훈님이 SNS 포스팅 동의 요청을 보냈습니다.','UNCHECKED','SNS','2764815852','2765520552'),(350,242,'2023-05-18 16:44:39.759941','오태훈님이 SNS 포스팅 동의 요청을 보냈습니다.','UNCHECKED','SNS','2765575663','2765520552'),(351,242,'2023-05-18 16:44:39.761584','오태훈님이 SNS 포스팅 동의 요청을 보냈습니다.','UNCHECKED','SNS','2765575678','2765520552'),(352,254,'2023-05-18 16:44:51.926845','오태훈님이 SNS 포스팅 동의 요청을 보냈습니다.','UNCHECKED','SNS','2762811156','2765520552'),(353,254,'2023-05-18 16:44:51.933987','오태훈님이 SNS 포스팅 동의 요청을 보냈습니다.','DONE','SNS','2764309450','2765520552'),(354,254,'2023-05-18 16:44:51.935462','오태훈님이 SNS 포스팅 동의 요청을 보냈습니다.','DONE','SNS','2764815852','2765520552'),(355,254,'2023-05-18 16:44:51.936827','오태훈님이 SNS 포스팅 동의 요청을 보냈습니다.','DONE','SNS','2765575663','2765520552'),(356,254,'2023-05-18 16:44:51.939054','오태훈님이 SNS 포스팅 동의 요청을 보냈습니다.','DONE','SNS','2765575678','2765520552'),(357,259,'2023-05-18 18:59:29.937187','최현인님이 공유앨범에 사진을 업로드 했습니다.','UNCHECKED','UPLOAD','2762811156','2764815852'),(358,259,'2023-05-18 18:59:29.939229','최현인님이 공유앨범에 사진을 업로드 했습니다.','DONE','UPLOAD','2764309450','2764815852'),(359,259,'2023-05-18 18:59:29.940719','최현인님이 공유앨범에 사진을 업로드 했습니다.','UNCHECKED','UPLOAD','2765520552','2764815852'),(360,259,'2023-05-18 18:59:29.942154','최현인님이 공유앨범에 사진을 업로드 했습니다.','DONE','UPLOAD','2765575663','2764815852'),(361,259,'2023-05-18 18:59:29.943532','최현인님이 공유앨범에 사진을 업로드 했습니다.','DONE','UPLOAD','2765575678','2764815852'),(362,30,'2023-05-18 20:41:45.477858','정상민님이 앨범 생성 앨범에 초대했습니다.','DONE','INVITE','2762811156','2765575663'),(363,30,'2023-05-18 20:41:45.481088','정상민님이 앨범 생성 앨범에 초대했습니다.','DONE','INVITE','2764815852','2765575663'),(364,30,'2023-05-18 20:41:45.484241','정상민님이 앨범 생성 앨범에 초대했습니다.','DONE','INVITE','2765777731','2765575663'),(365,22,'2023-05-18 20:42:09.317068','정상민님이 엽사모음 앨범에 초대했습니다.','DONE','INVITE','2762811156','2765575663'),(366,22,'2023-05-18 20:42:09.320490','정상민님이 엽사모음 앨범에 초대했습니다.','DONE','INVITE','2764309450','2765575663'),(367,22,'2023-05-18 20:42:09.324192','정상민님이 엽사모음 앨범에 초대했습니다.','UNCHECKED','INVITE','2764815852','2765575663'),(368,22,'2023-05-18 20:42:09.329028','정상민님이 엽사모음 앨범에 초대했습니다.','DONE','INVITE','2765520552','2765575663'),(369,22,'2023-05-18 20:42:09.333278','정상민님이 엽사모음 앨범에 초대했습니다.','DONE','INVITE','2765777731','2765575663'),(370,1,'2023-05-18 20:42:33.650495','정상민님이 추억덩이 앨범에 초대했습니다.','DONE','INVITE','2762811156','2765575663'),(371,1,'2023-05-18 20:42:33.675663','정상민님이 추억덩이 앨범에 초대했습니다.','DONE','INVITE','2764309450','2765575663'),(372,1,'2023-05-18 20:42:33.698459','정상민님이 추억덩이 앨범에 초대했습니다.','DONE','INVITE','2764815852','2765575663'),(373,1,'2023-05-18 20:42:33.705715','정상민님이 추억덩이 앨범에 초대했습니다.','DONE','INVITE','2765777731','2765575663'),(374,28,'2023-05-18 20:43:03.945471','정상민님이 English 앨범에 초대했습니다.','DONE','INVITE','2762811156','2765575663'),(375,262,'2023-05-18 20:43:23.392414','오태훈님이 공유앨범에 사진을 업로드 했습니다.','DONE','UPLOAD','2762811156','2765520552'),(376,262,'2023-05-18 20:43:23.397445','오태훈님이 공유앨범에 사진을 업로드 했습니다.','DONE','UPLOAD','2764309450','2765520552'),(377,262,'2023-05-18 20:43:23.421112','오태훈님이 공유앨범에 사진을 업로드 했습니다.','DONE','UPLOAD','2764815852','2765520552'),(378,262,'2023-05-18 20:43:23.424807','오태훈님이 공유앨범에 사진을 업로드 했습니다.','DONE','UPLOAD','2765575663','2765520552'),(379,262,'2023-05-18 20:43:23.444827','오태훈님이 공유앨범에 사진을 업로드 했습니다.','DONE','UPLOAD','2765575678','2765520552'),(380,264,'2023-05-18 20:43:25.935181','오태훈님이 공유앨범에 사진을 업로드 했습니다.','DONE','UPLOAD','2762811156','2765520552'),(381,264,'2023-05-18 20:43:25.937804','오태훈님이 공유앨범에 사진을 업로드 했습니다.','DONE','UPLOAD','2764309450','2765520552'),(382,264,'2023-05-18 20:43:25.948119','오태훈님이 공유앨범에 사진을 업로드 했습니다.','DONE','UPLOAD','2764815852','2765520552'),(383,264,'2023-05-18 20:43:25.955105','오태훈님이 공유앨범에 사진을 업로드 했습니다.','DONE','UPLOAD','2765575663','2765520552'),(384,264,'2023-05-18 20:43:25.957186','오태훈님이 공유앨범에 사진을 업로드 했습니다.','DONE','UPLOAD','2765575678','2765520552'),(385,255,'2023-05-18 20:43:28.679474','정상민님이 SNS 포스팅 동의 요청을 보냈습니다.','UNCHECKED','SNS','2762811156','2765575663'),(386,255,'2023-05-18 20:43:28.687779','정상민님이 SNS 포스팅 동의 요청을 보냈습니다.','DONE','SNS','2764309450','2765575663'),(387,255,'2023-05-18 20:43:28.689624','정상민님이 SNS 포스팅 동의 요청을 보냈습니다.','UNCHECKED','SNS','2764815852','2765575663'),(388,255,'2023-05-18 20:43:28.691607','정상민님이 SNS 포스팅 동의 요청을 보냈습니다.','DONE','SNS','2765520552','2765575663'),(389,255,'2023-05-18 20:43:28.694049','정상민님이 SNS 포스팅 동의 요청을 보냈습니다.','DONE','SNS','2765575678','2765575663'),(390,265,'2023-05-18 20:43:28.759335','오태훈님이 공유앨범에 사진을 업로드 했습니다.','DONE','UPLOAD','2762811156','2765520552'),(391,265,'2023-05-18 20:43:28.762031','오태훈님이 공유앨범에 사진을 업로드 했습니다.','DONE','UPLOAD','2764309450','2765520552'),(392,265,'2023-05-18 20:43:28.764195','오태훈님이 공유앨범에 사진을 업로드 했습니다.','DONE','UPLOAD','2764815852','2765520552'),(393,265,'2023-05-18 20:43:28.765975','오태훈님이 공유앨범에 사진을 업로드 했습니다.','DONE','UPLOAD','2765575663','2765520552'),(394,265,'2023-05-18 20:43:28.767623','오태훈님이 공유앨범에 사진을 업로드 했습니다.','DONE','UPLOAD','2765575678','2765520552'),(395,263,'2023-05-18 20:43:31.212528','오태훈님이 공유앨범에 사진을 업로드 했습니다.','UNCHECKED','UPLOAD','2762811156','2765520552'),(396,263,'2023-05-18 20:43:31.215849','오태훈님이 공유앨범에 사진을 업로드 했습니다.','DONE','UPLOAD','2764309450','2765520552'),(397,263,'2023-05-18 20:43:31.218604','오태훈님이 공유앨범에 사진을 업로드 했습니다.','DONE','UPLOAD','2764815852','2765520552'),(398,263,'2023-05-18 20:43:31.222322','오태훈님이 공유앨범에 사진을 업로드 했습니다.','DONE','UPLOAD','2765575663','2765520552'),(399,263,'2023-05-18 20:43:31.225002','오태훈님이 공유앨범에 사진을 업로드 했습니다.','DONE','UPLOAD','2765575678','2765520552'),(400,267,'2023-05-18 20:43:33.985816','오태훈님이 공유앨범에 사진을 업로드 했습니다.','UNCHECKED','UPLOAD','2762811156','2765520552'),(401,267,'2023-05-18 20:43:33.988344','오태훈님이 공유앨범에 사진을 업로드 했습니다.','DONE','UPLOAD','2764309450','2765520552'),(402,267,'2023-05-18 20:43:33.990249','오태훈님이 공유앨범에 사진을 업로드 했습니다.','DONE','UPLOAD','2764815852','2765520552'),(403,267,'2023-05-18 20:43:33.992119','오태훈님이 공유앨범에 사진을 업로드 했습니다.','DONE','UPLOAD','2765575663','2765520552'),(404,267,'2023-05-18 20:43:33.993768','오태훈님이 공유앨범에 사진을 업로드 했습니다.','DONE','UPLOAD','2765575678','2765520552'),(405,266,'2023-05-18 20:43:36.554834','오태훈님이 공유앨범에 사진을 업로드 했습니다.','UNCHECKED','UPLOAD','2762811156','2765520552'),(406,266,'2023-05-18 20:43:36.557150','오태훈님이 공유앨범에 사진을 업로드 했습니다.','DONE','UPLOAD','2764309450','2765520552'),(407,266,'2023-05-18 20:43:36.559277','오태훈님이 공유앨범에 사진을 업로드 했습니다.','DONE','UPLOAD','2764815852','2765520552'),(408,266,'2023-05-18 20:43:36.561332','오태훈님이 공유앨범에 사진을 업로드 했습니다.','DONE','UPLOAD','2765575663','2765520552'),(409,266,'2023-05-18 20:43:36.562810','오태훈님이 공유앨범에 사진을 업로드 했습니다.','DONE','UPLOAD','2765575678','2765520552'),(410,268,'2023-05-18 20:43:39.132676','오태훈님이 공유앨범에 사진을 업로드 했습니다.','UNCHECKED','UPLOAD','2762811156','2765520552'),(411,268,'2023-05-18 20:43:39.134807','오태훈님이 공유앨범에 사진을 업로드 했습니다.','DONE','UPLOAD','2764309450','2765520552'),(412,268,'2023-05-18 20:43:39.136851','오태훈님이 공유앨범에 사진을 업로드 했습니다.','DONE','UPLOAD','2764815852','2765520552'),(413,268,'2023-05-18 20:43:39.138909','오태훈님이 공유앨범에 사진을 업로드 했습니다.','DONE','UPLOAD','2765575663','2765520552'),(414,268,'2023-05-18 20:43:39.140672','오태훈님이 공유앨범에 사진을 업로드 했습니다.','DONE','UPLOAD','2765575678','2765520552'),(415,270,'2023-05-18 20:43:41.733060','오태훈님이 공유앨범에 사진을 업로드 했습니다.','UNCHECKED','UPLOAD','2762811156','2765520552'),(416,270,'2023-05-18 20:43:41.735020','오태훈님이 공유앨범에 사진을 업로드 했습니다.','DONE','UPLOAD','2764309450','2765520552'),(417,270,'2023-05-18 20:43:41.736776','오태훈님이 공유앨범에 사진을 업로드 했습니다.','DONE','UPLOAD','2764815852','2765520552'),(418,270,'2023-05-18 20:43:41.739034','오태훈님이 공유앨범에 사진을 업로드 했습니다.','DONE','UPLOAD','2765575663','2765520552'),(419,270,'2023-05-18 20:43:41.740825','오태훈님이 공유앨범에 사진을 업로드 했습니다.','UNCHECKED','UPLOAD','2765575678','2765520552'),(420,271,'2023-05-18 20:43:44.298408','오태훈님이 공유앨범에 사진을 업로드 했습니다.','UNCHECKED','UPLOAD','2762811156','2765520552'),(421,271,'2023-05-18 20:43:44.300380','오태훈님이 공유앨범에 사진을 업로드 했습니다.','DONE','UPLOAD','2764309450','2765520552'),(422,271,'2023-05-18 20:43:44.302302','오태훈님이 공유앨범에 사진을 업로드 했습니다.','DONE','UPLOAD','2764815852','2765520552'),(423,271,'2023-05-18 20:43:44.304367','오태훈님이 공유앨범에 사진을 업로드 했습니다.','DONE','UPLOAD','2765575663','2765520552'),(424,271,'2023-05-18 20:43:44.306448','오태훈님이 공유앨범에 사진을 업로드 했습니다.','UNCHECKED','UPLOAD','2765575678','2765520552'),(425,269,'2023-05-18 20:43:46.867640','오태훈님이 공유앨범에 사진을 업로드 했습니다.','UNCHECKED','UPLOAD','2762811156','2765520552'),(426,269,'2023-05-18 20:43:46.869406','오태훈님이 공유앨범에 사진을 업로드 했습니다.','UNCHECKED','UPLOAD','2764309450','2765520552'),(427,269,'2023-05-18 20:43:46.871029','오태훈님이 공유앨범에 사진을 업로드 했습니다.','DONE','UPLOAD','2764815852','2765520552'),(428,269,'2023-05-18 20:43:46.874380','오태훈님이 공유앨범에 사진을 업로드 했습니다.','DONE','UPLOAD','2765575663','2765520552'),(429,269,'2023-05-18 20:43:46.875923','오태훈님이 공유앨범에 사진을 업로드 했습니다.','UNCHECKED','UPLOAD','2765575678','2765520552'),(430,273,'2023-05-18 20:44:52.018100','오태훈님이 공유앨범에 사진을 업로드 했습니다.','UNCHECKED','UPLOAD','2762811156','2765520552'),(431,273,'2023-05-18 20:44:52.020265','오태훈님이 공유앨범에 사진을 업로드 했습니다.','DONE','UPLOAD','2764309450','2765520552'),(432,273,'2023-05-18 20:44:52.022202','오태훈님이 공유앨범에 사진을 업로드 했습니다.','UNCHECKED','UPLOAD','2764815852','2765520552'),(433,273,'2023-05-18 20:44:52.023936','오태훈님이 공유앨범에 사진을 업로드 했습니다.','DONE','UPLOAD','2765575663','2765520552'),(434,273,'2023-05-18 20:44:52.025416','오태훈님이 공유앨범에 사진을 업로드 했습니다.','DONE','UPLOAD','2765575678','2765520552'),(435,272,'2023-05-18 20:44:54.579812','오태훈님이 공유앨범에 사진을 업로드 했습니다.','UNCHECKED','UPLOAD','2762811156','2765520552'),(436,272,'2023-05-18 20:44:54.583642','오태훈님이 공유앨범에 사진을 업로드 했습니다.','DONE','UPLOAD','2764309450','2765520552'),(437,272,'2023-05-18 20:44:54.585465','오태훈님이 공유앨범에 사진을 업로드 했습니다.','UNCHECKED','UPLOAD','2764815852','2765520552'),(438,272,'2023-05-18 20:44:54.587169','오태훈님이 공유앨범에 사진을 업로드 했습니다.','DONE','UPLOAD','2765575663','2765520552'),(439,272,'2023-05-18 20:44:54.588887','오태훈님이 공유앨범에 사진을 업로드 했습니다.','DONE','UPLOAD','2765575678','2765520552'),(440,276,'2023-05-18 20:45:32.214357','박서윤님이 공유앨범에 사진을 업로드 했습니다.','UNCHECKED','UPLOAD','2762811156','2764309450'),(441,276,'2023-05-18 20:45:32.216453','박서윤님이 공유앨범에 사진을 업로드 했습니다.','UNCHECKED','UPLOAD','2764815852','2764309450'),(442,276,'2023-05-18 20:45:32.221429','박서윤님이 공유앨범에 사진을 업로드 했습니다.','UNCHECKED','UPLOAD','2765520552','2764309450'),(443,276,'2023-05-18 20:45:32.226498','박서윤님이 공유앨범에 사진을 업로드 했습니다.','DONE','UPLOAD','2765575663','2764309450'),(444,276,'2023-05-18 20:45:32.230258','박서윤님이 공유앨범에 사진을 업로드 했습니다.','DONE','UPLOAD','2765575678','2764309450'),(445,274,'2023-05-18 20:45:34.908581','박서윤님이 공유앨범에 사진을 업로드 했습니다.','UNCHECKED','UPLOAD','2762811156','2764309450'),(446,274,'2023-05-18 20:45:34.911095','박서윤님이 공유앨범에 사진을 업로드 했습니다.','UNCHECKED','UPLOAD','2764815852','2764309450'),(447,274,'2023-05-18 20:45:34.914630','박서윤님이 공유앨범에 사진을 업로드 했습니다.','UNCHECKED','UPLOAD','2765520552','2764309450'),(448,274,'2023-05-18 20:45:34.917124','박서윤님이 공유앨범에 사진을 업로드 했습니다.','DONE','UPLOAD','2765575663','2764309450'),(449,274,'2023-05-18 20:45:34.919253','박서윤님이 공유앨범에 사진을 업로드 했습니다.','DONE','UPLOAD','2765575678','2764309450'),(450,279,'2023-05-18 20:45:37.519911','박서윤님이 공유앨범에 사진을 업로드 했습니다.','UNCHECKED','UPLOAD','2762811156','2764309450'),(451,279,'2023-05-18 20:45:37.524282','박서윤님이 공유앨범에 사진을 업로드 했습니다.','UNCHECKED','UPLOAD','2764815852','2764309450'),(452,279,'2023-05-18 20:45:37.534923','박서윤님이 공유앨범에 사진을 업로드 했습니다.','UNCHECKED','UPLOAD','2765520552','2764309450'),(453,279,'2023-05-18 20:45:37.537322','박서윤님이 공유앨범에 사진을 업로드 했습니다.','DONE','UPLOAD','2765575663','2764309450'),(454,279,'2023-05-18 20:45:37.539367','박서윤님이 공유앨범에 사진을 업로드 했습니다.','DONE','UPLOAD','2765575678','2764309450'),(455,277,'2023-05-18 20:45:40.130461','박서윤님이 공유앨범에 사진을 업로드 했습니다.','UNCHECKED','UPLOAD','2762811156','2764309450'),(456,277,'2023-05-18 20:45:40.134607','박서윤님이 공유앨범에 사진을 업로드 했습니다.','UNCHECKED','UPLOAD','2764815852','2764309450'),(457,277,'2023-05-18 20:45:40.157814','박서윤님이 공유앨범에 사진을 업로드 했습니다.','UNCHECKED','UPLOAD','2765520552','2764309450'),(458,277,'2023-05-18 20:45:40.163613','박서윤님이 공유앨범에 사진을 업로드 했습니다.','DONE','UPLOAD','2765575663','2764309450'),(459,277,'2023-05-18 20:45:40.166343','박서윤님이 공유앨범에 사진을 업로드 했습니다.','DONE','UPLOAD','2765575678','2764309450'),(460,275,'2023-05-18 20:45:42.714961','박서윤님이 공유앨범에 사진을 업로드 했습니다.','UNCHECKED','UPLOAD','2762811156','2764309450'),(461,275,'2023-05-18 20:45:42.721228','박서윤님이 공유앨범에 사진을 업로드 했습니다.','UNCHECKED','UPLOAD','2764815852','2764309450'),(462,275,'2023-05-18 20:45:42.723552','박서윤님이 공유앨범에 사진을 업로드 했습니다.','UNCHECKED','UPLOAD','2765520552','2764309450'),(463,275,'2023-05-18 20:45:42.727031','박서윤님이 공유앨범에 사진을 업로드 했습니다.','DONE','UPLOAD','2765575663','2764309450'),(464,275,'2023-05-18 20:45:42.730328','박서윤님이 공유앨범에 사진을 업로드 했습니다.','DONE','UPLOAD','2765575678','2764309450'),(465,278,'2023-05-18 20:45:45.229109','박서윤님이 공유앨범에 사진을 업로드 했습니다.','UNCHECKED','UPLOAD','2762811156','2764309450'),(466,278,'2023-05-18 20:45:45.231068','박서윤님이 공유앨범에 사진을 업로드 했습니다.','UNCHECKED','UPLOAD','2764815852','2764309450'),(467,278,'2023-05-18 20:45:45.232884','박서윤님이 공유앨범에 사진을 업로드 했습니다.','UNCHECKED','UPLOAD','2765520552','2764309450'),(468,278,'2023-05-18 20:45:45.235945','박서윤님이 공유앨범에 사진을 업로드 했습니다.','DONE','UPLOAD','2765575663','2764309450'),(469,278,'2023-05-18 20:45:45.245192','박서윤님이 공유앨범에 사진을 업로드 했습니다.','DONE','UPLOAD','2765575678','2764309450'),(470,280,'2023-05-18 20:46:37.481658','박서윤님이 공유앨범에 사진을 업로드 했습니다.','UNCHECKED','UPLOAD','2762811156','2764309450'),(471,280,'2023-05-18 20:46:37.483864','박서윤님이 공유앨범에 사진을 업로드 했습니다.','UNCHECKED','UPLOAD','2764815852','2764309450'),(472,280,'2023-05-18 20:46:37.486556','박서윤님이 공유앨범에 사진을 업로드 했습니다.','UNCHECKED','UPLOAD','2765520552','2764309450'),(473,280,'2023-05-18 20:46:37.490009','박서윤님이 공유앨범에 사진을 업로드 했습니다.','DONE','UPLOAD','2765575663','2764309450'),(474,280,'2023-05-18 20:46:37.492421','박서윤님이 공유앨범에 사진을 업로드 했습니다.','DONE','UPLOAD','2765575678','2764309450'),(475,281,'2023-05-18 20:46:40.085619','박서윤님이 공유앨범에 사진을 업로드 했습니다.','UNCHECKED','UPLOAD','2762811156','2764309450'),(476,281,'2023-05-18 20:46:40.087544','박서윤님이 공유앨범에 사진을 업로드 했습니다.','UNCHECKED','UPLOAD','2764815852','2764309450'),(477,281,'2023-05-18 20:46:40.089824','박서윤님이 공유앨범에 사진을 업로드 했습니다.','UNCHECKED','UPLOAD','2765520552','2764309450'),(478,281,'2023-05-18 20:46:40.091761','박서윤님이 공유앨범에 사진을 업로드 했습니다.','DONE','UPLOAD','2765575663','2764309450'),(479,281,'2023-05-18 20:46:40.093428','박서윤님이 공유앨범에 사진을 업로드 했습니다.','DONE','UPLOAD','2765575678','2764309450'),(480,25,'2023-05-18 20:47:12.181692','오태훈님이 대전 2반 앨범에 초대했습니다.','UNCHECKED','INVITE','2793865439','2765520552'),(481,25,'2023-05-18 20:47:12.189315','오태훈님이 대전 2반 앨범에 초대했습니다.','UNCHECKED','INVITE','2794009748','2765520552'),(482,283,'2023-05-18 20:47:21.626286','박서윤님이 공유앨범에 사진을 업로드 했습니다.','UNCHECKED','UPLOAD','2762811156','2764309450'),(483,283,'2023-05-18 20:47:21.628516','박서윤님이 공유앨범에 사진을 업로드 했습니다.','DONE','UPLOAD','2764815852','2764309450'),(484,283,'2023-05-18 20:47:21.630220','박서윤님이 공유앨범에 사진을 업로드 했습니다.','UNCHECKED','UPLOAD','2765520552','2764309450'),(485,283,'2023-05-18 20:47:21.632614','박서윤님이 공유앨범에 사진을 업로드 했습니다.','DONE','UPLOAD','2765575663','2764309450'),(486,283,'2023-05-18 20:47:21.634673','박서윤님이 공유앨범에 사진을 업로드 했습니다.','UNCHECKED','UPLOAD','2765575678','2764309450'),(487,282,'2023-05-18 20:47:24.125934','박서윤님이 공유앨범에 사진을 업로드 했습니다.','UNCHECKED','UPLOAD','2762811156','2764309450'),(488,282,'2023-05-18 20:47:24.127777','박서윤님이 공유앨범에 사진을 업로드 했습니다.','DONE','UPLOAD','2764815852','2764309450'),(489,282,'2023-05-18 20:47:24.131497','박서윤님이 공유앨범에 사진을 업로드 했습니다.','UNCHECKED','UPLOAD','2765520552','2764309450'),(490,282,'2023-05-18 20:47:24.134905','박서윤님이 공유앨범에 사진을 업로드 했습니다.','DONE','UPLOAD','2765575663','2764309450'),(491,282,'2023-05-18 20:47:24.136347','박서윤님이 공유앨범에 사진을 업로드 했습니다.','UNCHECKED','UPLOAD','2765575678','2764309450'),(492,284,'2023-05-18 20:50:03.817400','박서윤님이 공유앨범에 사진을 업로드 했습니다.','UNCHECKED','UPLOAD','2772839750','2764309450'),(493,285,'2023-05-18 20:50:06.190363','박서윤님이 공유앨범에 사진을 업로드 했습니다.','UNCHECKED','UPLOAD','2772839750','2764309450'),(494,286,'2023-05-18 20:50:08.553395','박서윤님이 공유앨범에 사진을 업로드 했습니다.','UNCHECKED','UPLOAD','2772839750','2764309450'),(495,287,'2023-05-18 20:50:10.902091','박서윤님이 공유앨범에 사진을 업로드 했습니다.','UNCHECKED','UPLOAD','2772839750','2764309450'),(496,289,'2023-05-18 20:50:13.330242','박서윤님이 공유앨범에 사진을 업로드 했습니다.','UNCHECKED','UPLOAD','2772839750','2764309450'),(497,288,'2023-05-18 20:50:15.855448','박서윤님이 공유앨범에 사진을 업로드 했습니다.','UNCHECKED','UPLOAD','2772839750','2764309450'),(498,290,'2023-05-18 20:50:18.388516','박서윤님이 공유앨범에 사진을 업로드 했습니다.','UNCHECKED','UPLOAD','2772839750','2764309450'),(499,291,'2023-05-18 20:50:20.921594','박서윤님이 공유앨범에 사진을 업로드 했습니다.','UNCHECKED','UPLOAD','2772839750','2764309450'),(500,293,'2023-05-18 20:50:23.461772','박서윤님이 공유앨범에 사진을 업로드 했습니다.','UNCHECKED','UPLOAD','2772839750','2764309450'),(501,294,'2023-05-18 20:50:25.992884','박서윤님이 공유앨범에 사진을 업로드 했습니다.','UNCHECKED','UPLOAD','2772839750','2764309450'),(502,292,'2023-05-18 20:50:28.691764','박서윤님이 공유앨범에 사진을 업로드 했습니다.','UNCHECKED','UPLOAD','2772839750','2764309450'),(503,295,'2023-05-18 20:50:31.147009','박서윤님이 공유앨범에 사진을 업로드 했습니다.','UNCHECKED','UPLOAD','2772839750','2764309450'),(504,297,'2023-05-18 20:50:33.649179','박서윤님이 공유앨범에 사진을 업로드 했습니다.','UNCHECKED','UPLOAD','2772839750','2764309450'),(505,296,'2023-05-18 20:50:36.353811','박서윤님이 공유앨범에 사진을 업로드 했습니다.','UNCHECKED','UPLOAD','2772839750','2764309450'),(506,298,'2023-05-18 20:52:16.987470','박서윤님이 공유앨범에 사진을 업로드 했습니다.','UNCHECKED','UPLOAD','2772839750','2764309450'),(507,299,'2023-05-18 20:52:23.768764','박서윤님이 공유앨범에 사진을 업로드 했습니다.','UNCHECKED','UPLOAD','2772839750','2764309450'),(508,301,'2023-05-18 20:52:26.427816','박서윤님이 공유앨범에 사진을 업로드 했습니다.','UNCHECKED','UPLOAD','2772839750','2764309450'),(509,303,'2023-05-18 20:52:28.924940','박서윤님이 공유앨범에 사진을 업로드 했습니다.','UNCHECKED','UPLOAD','2772839750','2764309450'),(510,300,'2023-05-18 20:52:31.417471','박서윤님이 공유앨범에 사진을 업로드 했습니다.','UNCHECKED','UPLOAD','2772839750','2764309450'),(511,302,'2023-05-18 20:52:33.927743','박서윤님이 공유앨범에 사진을 업로드 했습니다.','UNCHECKED','UPLOAD','2772839750','2764309450'),(512,307,'2023-05-18 22:19:55.897915','정상민님이 공유앨범에 사진을 업로드 했습니다.','UNCHECKED','UPLOAD','2762811156','2765575663'),(513,307,'2023-05-18 22:19:55.899742','정상민님이 공유앨범에 사진을 업로드 했습니다.','UNCHECKED','UPLOAD','2764309450','2765575663'),(514,307,'2023-05-18 22:19:55.901719','정상민님이 공유앨범에 사진을 업로드 했습니다.','UNCHECKED','UPLOAD','2764815852','2765575663'),(515,307,'2023-05-18 22:19:55.903186','정상민님이 공유앨범에 사진을 업로드 했습니다.','UNCHECKED','UPLOAD','2765520552','2765575663'),(516,307,'2023-05-18 22:19:55.904572','정상민님이 공유앨범에 사진을 업로드 했습니다.','DONE','UPLOAD','2765575678','2765575663'),(517,308,'2023-05-18 22:20:00.272736','정상민님이 공유앨범에 사진을 업로드 했습니다.','UNCHECKED','UPLOAD','2762811156','2765575663'),(518,308,'2023-05-18 22:20:00.282632','정상민님이 공유앨범에 사진을 업로드 했습니다.','UNCHECKED','UPLOAD','2764309450','2765575663'),(519,308,'2023-05-18 22:20:00.310567','정상민님이 공유앨범에 사진을 업로드 했습니다.','UNCHECKED','UPLOAD','2764815852','2765575663'),(520,308,'2023-05-18 22:20:00.312581','정상민님이 공유앨범에 사진을 업로드 했습니다.','UNCHECKED','UPLOAD','2765520552','2765575663'),(521,308,'2023-05-18 22:20:00.318024','정상민님이 공유앨범에 사진을 업로드 했습니다.','DONE','UPLOAD','2765575678','2765575663'),(522,309,'2023-05-18 22:20:03.361471','정상민님이 공유앨범에 사진을 업로드 했습니다.','UNCHECKED','UPLOAD','2762811156','2765575663'),(523,309,'2023-05-18 22:20:03.366569','정상민님이 공유앨범에 사진을 업로드 했습니다.','UNCHECKED','UPLOAD','2764309450','2765575663'),(524,309,'2023-05-18 22:20:03.370383','정상민님이 공유앨범에 사진을 업로드 했습니다.','UNCHECKED','UPLOAD','2764815852','2765575663'),(525,309,'2023-05-18 22:20:03.374824','정상민님이 공유앨범에 사진을 업로드 했습니다.','UNCHECKED','UPLOAD','2765520552','2765575663'),(526,309,'2023-05-18 22:20:03.378571','정상민님이 공유앨범에 사진을 업로드 했습니다.','DONE','UPLOAD','2765575678','2765575663'),(527,310,'2023-05-18 22:20:06.003440','정상민님이 공유앨범에 사진을 업로드 했습니다.','UNCHECKED','UPLOAD','2762811156','2765575663'),(528,310,'2023-05-18 22:20:06.009983','정상민님이 공유앨범에 사진을 업로드 했습니다.','UNCHECKED','UPLOAD','2764309450','2765575663'),(529,310,'2023-05-18 22:20:06.015714','정상민님이 공유앨범에 사진을 업로드 했습니다.','UNCHECKED','UPLOAD','2764815852','2765575663'),(530,310,'2023-05-18 22:20:06.027342','정상민님이 공유앨범에 사진을 업로드 했습니다.','UNCHECKED','UPLOAD','2765520552','2765575663'),(531,310,'2023-05-18 22:20:06.034958','정상민님이 공유앨범에 사진을 업로드 했습니다.','DONE','UPLOAD','2765575678','2765575663'),(532,312,'2023-05-18 22:20:08.563736','정상민님이 공유앨범에 사진을 업로드 했습니다.','UNCHECKED','UPLOAD','2762811156','2765575663'),(533,312,'2023-05-18 22:20:08.566290','정상민님이 공유앨범에 사진을 업로드 했습니다.','UNCHECKED','UPLOAD','2764309450','2765575663'),(534,312,'2023-05-18 22:20:08.572300','정상민님이 공유앨범에 사진을 업로드 했습니다.','UNCHECKED','UPLOAD','2764815852','2765575663'),(535,312,'2023-05-18 22:20:08.574480','정상민님이 공유앨범에 사진을 업로드 했습니다.','UNCHECKED','UPLOAD','2765520552','2765575663'),(536,312,'2023-05-18 22:20:08.576502','정상민님이 공유앨범에 사진을 업로드 했습니다.','DONE','UPLOAD','2765575678','2765575663'),(537,311,'2023-05-18 22:20:11.248381','정상민님이 공유앨범에 사진을 업로드 했습니다.','UNCHECKED','UPLOAD','2762811156','2765575663'),(538,311,'2023-05-18 22:20:11.250116','정상민님이 공유앨범에 사진을 업로드 했습니다.','UNCHECKED','UPLOAD','2764309450','2765575663'),(539,311,'2023-05-18 22:20:11.251785','정상민님이 공유앨범에 사진을 업로드 했습니다.','UNCHECKED','UPLOAD','2764815852','2765575663'),(540,311,'2023-05-18 22:20:11.253219','정상민님이 공유앨범에 사진을 업로드 했습니다.','UNCHECKED','UPLOAD','2765520552','2765575663'),(541,311,'2023-05-18 22:20:11.254659','정상민님이 공유앨범에 사진을 업로드 했습니다.','DONE','UPLOAD','2765575678','2765575663'),(542,313,'2023-05-18 22:20:13.841559','정상민님이 공유앨범에 사진을 업로드 했습니다.','UNCHECKED','UPLOAD','2762811156','2765575663'),(543,313,'2023-05-18 22:20:13.843497','정상민님이 공유앨범에 사진을 업로드 했습니다.','UNCHECKED','UPLOAD','2764309450','2765575663'),(544,313,'2023-05-18 22:20:13.845077','정상민님이 공유앨범에 사진을 업로드 했습니다.','UNCHECKED','UPLOAD','2764815852','2765575663'),(545,313,'2023-05-18 22:20:13.846815','정상민님이 공유앨범에 사진을 업로드 했습니다.','UNCHECKED','UPLOAD','2765520552','2765575663'),(546,313,'2023-05-18 22:20:13.848460','정상민님이 공유앨범에 사진을 업로드 했습니다.','DONE','UPLOAD','2765575678','2765575663'),(547,314,'2023-05-18 22:20:16.466723','정상민님이 공유앨범에 사진을 업로드 했습니다.','UNCHECKED','UPLOAD','2762811156','2765575663'),(548,314,'2023-05-18 22:20:16.468698','정상민님이 공유앨범에 사진을 업로드 했습니다.','UNCHECKED','UPLOAD','2764309450','2765575663'),(549,314,'2023-05-18 22:20:16.470401','정상민님이 공유앨범에 사진을 업로드 했습니다.','UNCHECKED','UPLOAD','2764815852','2765575663'),(550,314,'2023-05-18 22:20:16.471884','정상민님이 공유앨범에 사진을 업로드 했습니다.','UNCHECKED','UPLOAD','2765520552','2765575663'),(551,314,'2023-05-18 22:20:16.473317','정상민님이 공유앨범에 사진을 업로드 했습니다.','DONE','UPLOAD','2765575678','2765575663'),(552,316,'2023-05-18 22:20:19.056988','정상민님이 공유앨범에 사진을 업로드 했습니다.','UNCHECKED','UPLOAD','2762811156','2765575663'),(553,316,'2023-05-18 22:20:19.058905','정상민님이 공유앨범에 사진을 업로드 했습니다.','UNCHECKED','UPLOAD','2764309450','2765575663'),(554,316,'2023-05-18 22:20:19.060506','정상민님이 공유앨범에 사진을 업로드 했습니다.','UNCHECKED','UPLOAD','2764815852','2765575663'),(555,316,'2023-05-18 22:20:19.062051','정상민님이 공유앨범에 사진을 업로드 했습니다.','UNCHECKED','UPLOAD','2765520552','2765575663'),(556,316,'2023-05-18 22:20:19.063533','정상민님이 공유앨범에 사진을 업로드 했습니다.','DONE','UPLOAD','2765575678','2765575663'),(557,315,'2023-05-18 22:20:21.626474','정상민님이 공유앨범에 사진을 업로드 했습니다.','UNCHECKED','UPLOAD','2762811156','2765575663'),(558,315,'2023-05-18 22:20:21.629099','정상민님이 공유앨범에 사진을 업로드 했습니다.','UNCHECKED','UPLOAD','2764309450','2765575663'),(559,315,'2023-05-18 22:20:21.630627','정상민님이 공유앨범에 사진을 업로드 했습니다.','UNCHECKED','UPLOAD','2764815852','2765575663'),(560,315,'2023-05-18 22:20:21.632241','정상민님이 공유앨범에 사진을 업로드 했습니다.','UNCHECKED','UPLOAD','2765520552','2765575663'),(561,315,'2023-05-18 22:20:21.633724','정상민님이 공유앨범에 사진을 업로드 했습니다.','DONE','UPLOAD','2765575678','2765575663'),(562,317,'2023-05-18 22:20:24.206909','정상민님이 공유앨범에 사진을 업로드 했습니다.','UNCHECKED','UPLOAD','2762811156','2765575663'),(563,317,'2023-05-18 22:20:24.208632','정상민님이 공유앨범에 사진을 업로드 했습니다.','UNCHECKED','UPLOAD','2764309450','2765575663'),(564,317,'2023-05-18 22:20:24.210230','정상민님이 공유앨범에 사진을 업로드 했습니다.','UNCHECKED','UPLOAD','2764815852','2765575663'),(565,317,'2023-05-18 22:20:24.211705','정상민님이 공유앨범에 사진을 업로드 했습니다.','UNCHECKED','UPLOAD','2765520552','2765575663'),(566,317,'2023-05-18 22:20:24.213242','정상민님이 공유앨범에 사진을 업로드 했습니다.','DONE','UPLOAD','2765575678','2765575663'),(567,318,'2023-05-18 22:20:26.761021','정상민님이 공유앨범에 사진을 업로드 했습니다.','UNCHECKED','UPLOAD','2762811156','2765575663'),(568,318,'2023-05-18 22:20:26.762697','정상민님이 공유앨범에 사진을 업로드 했습니다.','UNCHECKED','UPLOAD','2764309450','2765575663'),(569,318,'2023-05-18 22:20:26.764141','정상민님이 공유앨범에 사진을 업로드 했습니다.','UNCHECKED','UPLOAD','2764815852','2765575663'),(570,318,'2023-05-18 22:20:26.765545','정상민님이 공유앨범에 사진을 업로드 했습니다.','UNCHECKED','UPLOAD','2765520552','2765575663'),(571,318,'2023-05-18 22:20:26.766904','정상민님이 공유앨범에 사진을 업로드 했습니다.','DONE','UPLOAD','2765575678','2765575663'),(572,32,'2023-05-18 22:53:58.476093','오태훈님이 새로운 앨범 앨범에 초대했습니다.','UNCHECKED','INVITE','2765575663','2765520552'),(573,283,'2023-05-18 22:54:21.540287','오태훈님이 SNS 포스팅 동의 요청을 보냈습니다.','UNCHECKED','SNS','2762811156','2765520552'),(574,283,'2023-05-18 22:54:21.550300','오태훈님이 SNS 포스팅 동의 요청을 보냈습니다.','UNCHECKED','SNS','2764309450','2765520552'),(575,283,'2023-05-18 22:54:21.552184','오태훈님이 SNS 포스팅 동의 요청을 보냈습니다.','UNCHECKED','SNS','2764815852','2765520552'),(576,283,'2023-05-18 22:54:21.554022','오태훈님이 SNS 포스팅 동의 요청을 보냈습니다.','UNCHECKED','SNS','2765575663','2765520552'),(577,283,'2023-05-18 22:54:21.556435','오태훈님이 SNS 포스팅 동의 요청을 보냈습니다.','UNCHECKED','SNS','2765575678','2765520552'),(578,282,'2023-05-18 22:54:26.932692','오태훈님이 SNS 포스팅 동의 요청을 보냈습니다.','UNCHECKED','SNS','2762811156','2765520552'),(579,282,'2023-05-18 22:54:26.940707','오태훈님이 SNS 포스팅 동의 요청을 보냈습니다.','UNCHECKED','SNS','2764309450','2765520552'),(580,282,'2023-05-18 22:54:26.942333','오태훈님이 SNS 포스팅 동의 요청을 보냈습니다.','UNCHECKED','SNS','2764815852','2765520552'),(581,282,'2023-05-18 22:54:26.943785','오태훈님이 SNS 포스팅 동의 요청을 보냈습니다.','UNCHECKED','SNS','2765575663','2765520552'),(582,282,'2023-05-18 22:54:26.945348','오태훈님이 SNS 포스팅 동의 요청을 보냈습니다.','UNCHECKED','SNS','2765575678','2765520552'),(583,269,'2023-05-18 22:54:41.307683','오태훈님이 SNS 포스팅 동의 요청을 보냈습니다.','UNCHECKED','SNS','2762811156','2765520552'),(584,269,'2023-05-18 22:54:41.314503','오태훈님이 SNS 포스팅 동의 요청을 보냈습니다.','UNCHECKED','SNS','2764309450','2765520552'),(585,269,'2023-05-18 22:54:41.316036','오태훈님이 SNS 포스팅 동의 요청을 보냈습니다.','UNCHECKED','SNS','2764815852','2765520552'),(586,269,'2023-05-18 22:54:41.317367','오태훈님이 SNS 포스팅 동의 요청을 보냈습니다.','UNCHECKED','SNS','2765575663','2765520552'),(587,269,'2023-05-18 22:54:41.322284','오태훈님이 SNS 포스팅 동의 요청을 보냈습니다.','DONE','SNS','2765575678','2765520552'),(588,262,'2023-05-18 22:54:57.751359','오태훈님이 SNS 포스팅 동의 요청을 보냈습니다.','UNCHECKED','SNS','2762811156','2765520552'),(589,262,'2023-05-18 22:54:57.759511','오태훈님이 SNS 포스팅 동의 요청을 보냈습니다.','UNCHECKED','SNS','2764309450','2765520552'),(590,262,'2023-05-18 22:54:57.761105','오태훈님이 SNS 포스팅 동의 요청을 보냈습니다.','UNCHECKED','SNS','2764815852','2765520552'),(591,262,'2023-05-18 22:54:57.762752','오태훈님이 SNS 포스팅 동의 요청을 보냈습니다.','UNCHECKED','SNS','2765575663','2765520552'),(592,262,'2023-05-18 22:54:57.764749','오태훈님이 SNS 포스팅 동의 요청을 보냈습니다.','UNCHECKED','SNS','2765575678','2765520552'),(593,263,'2023-05-18 22:55:07.321645','오태훈님이 SNS 포스팅 동의 요청을 보냈습니다.','UNCHECKED','SNS','2762811156','2765520552'),(594,263,'2023-05-18 22:55:07.334116','오태훈님이 SNS 포스팅 동의 요청을 보냈습니다.','UNCHECKED','SNS','2764309450','2765520552'),(595,263,'2023-05-18 22:55:07.335882','오태훈님이 SNS 포스팅 동의 요청을 보냈습니다.','UNCHECKED','SNS','2764815852','2765520552'),(596,263,'2023-05-18 22:55:07.339677','오태훈님이 SNS 포스팅 동의 요청을 보냈습니다.','UNCHECKED','SNS','2765575663','2765520552'),(597,263,'2023-05-18 22:55:07.344442','오태훈님이 SNS 포스팅 동의 요청을 보냈습니다.','UNCHECKED','SNS','2765575678','2765520552'),(598,264,'2023-05-18 22:55:12.766192','오태훈님이 SNS 포스팅 동의 요청을 보냈습니다.','UNCHECKED','SNS','2762811156','2765520552'),(599,264,'2023-05-18 22:55:12.774160','오태훈님이 SNS 포스팅 동의 요청을 보냈습니다.','UNCHECKED','SNS','2764309450','2765520552'),(600,264,'2023-05-18 22:55:12.775778','오태훈님이 SNS 포스팅 동의 요청을 보냈습니다.','UNCHECKED','SNS','2764815852','2765520552'),(601,264,'2023-05-18 22:55:12.777235','오태훈님이 SNS 포스팅 동의 요청을 보냈습니다.','UNCHECKED','SNS','2765575663','2765520552'),(602,264,'2023-05-18 22:55:12.778947','오태훈님이 SNS 포스팅 동의 요청을 보냈습니다.','UNCHECKED','SNS','2765575678','2765520552'),(603,265,'2023-05-18 22:55:57.426545','오태훈님이 SNS 포스팅 동의 요청을 보냈습니다.','UNCHECKED','SNS','2762811156','2765520552'),(604,265,'2023-05-18 22:55:57.433656','오태훈님이 SNS 포스팅 동의 요청을 보냈습니다.','UNCHECKED','SNS','2764309450','2765520552'),(605,265,'2023-05-18 22:55:57.435090','오태훈님이 SNS 포스팅 동의 요청을 보냈습니다.','UNCHECKED','SNS','2764815852','2765520552'),(606,265,'2023-05-18 22:55:57.436446','오태훈님이 SNS 포스팅 동의 요청을 보냈습니다.','UNCHECKED','SNS','2765575663','2765520552'),(607,265,'2023-05-18 22:55:57.438402','오태훈님이 SNS 포스팅 동의 요청을 보냈습니다.','UNCHECKED','SNS','2765575678','2765520552'),(608,266,'2023-05-18 22:56:00.646522','오태훈님이 SNS 포스팅 동의 요청을 보냈습니다.','UNCHECKED','SNS','2762811156','2765520552'),(609,266,'2023-05-18 22:56:00.654499','오태훈님이 SNS 포스팅 동의 요청을 보냈습니다.','UNCHECKED','SNS','2764309450','2765520552'),(610,266,'2023-05-18 22:56:00.656696','오태훈님이 SNS 포스팅 동의 요청을 보냈습니다.','UNCHECKED','SNS','2764815852','2765520552'),(611,266,'2023-05-18 22:56:00.658160','오태훈님이 SNS 포스팅 동의 요청을 보냈습니다.','UNCHECKED','SNS','2765575663','2765520552'),(612,266,'2023-05-18 22:56:00.659771','오태훈님이 SNS 포스팅 동의 요청을 보냈습니다.','UNCHECKED','SNS','2765575678','2765520552'),(613,267,'2023-05-18 22:56:06.753754','오태훈님이 SNS 포스팅 동의 요청을 보냈습니다.','UNCHECKED','SNS','2762811156','2765520552'),(614,267,'2023-05-18 22:56:06.761033','오태훈님이 SNS 포스팅 동의 요청을 보냈습니다.','UNCHECKED','SNS','2764309450','2765520552'),(615,267,'2023-05-18 22:56:06.762419','오태훈님이 SNS 포스팅 동의 요청을 보냈습니다.','UNCHECKED','SNS','2764815852','2765520552'),(616,267,'2023-05-18 22:56:06.764075','오태훈님이 SNS 포스팅 동의 요청을 보냈습니다.','UNCHECKED','SNS','2765575663','2765520552'),(617,267,'2023-05-18 22:56:06.765730','오태훈님이 SNS 포스팅 동의 요청을 보냈습니다.','UNCHECKED','SNS','2765575678','2765520552'),(618,268,'2023-05-18 22:56:24.288639','오태훈님이 SNS 포스팅 동의 요청을 보냈습니다.','UNCHECKED','SNS','2762811156','2765520552'),(619,268,'2023-05-18 22:56:24.295770','오태훈님이 SNS 포스팅 동의 요청을 보냈습니다.','UNCHECKED','SNS','2764309450','2765520552'),(620,268,'2023-05-18 22:56:24.297251','오태훈님이 SNS 포스팅 동의 요청을 보냈습니다.','UNCHECKED','SNS','2764815852','2765520552'),(621,268,'2023-05-18 22:56:24.298535','오태훈님이 SNS 포스팅 동의 요청을 보냈습니다.','CHECKED','SNS','2765575663','2765520552'),(622,268,'2023-05-18 22:56:24.302261','오태훈님이 SNS 포스팅 동의 요청을 보냈습니다.','UNCHECKED','SNS','2765575678','2765520552'),(623,33,'2023-05-18 22:56:26.227942','최현인님이 새로운앨범 앨범에 초대했습니다.','CHECKED','INVITE','2765575663','2764815852'),(624,10,'2023-05-18 22:56:32.228274','오태훈님이 SNS 포스팅 동의 요청을 보냈습니다.','UNCHECKED','SNS','2762811156','2765520552'),(625,10,'2023-05-18 22:56:32.235487','오태훈님이 SNS 포스팅 동의 요청을 보냈습니다.','UNCHECKED','SNS','2764309450','2765520552'),(626,10,'2023-05-18 22:56:32.237163','오태훈님이 SNS 포스팅 동의 요청을 보냈습니다.','DONE','SNS','2764815852','2765520552'),(627,10,'2023-05-18 22:56:32.238574','오태훈님이 SNS 포스팅 동의 요청을 보냈습니다.','CHECKED','SNS','2765575663','2765520552'),(628,10,'2023-05-18 22:56:32.240095','오태훈님이 SNS 포스팅 동의 요청을 보냈습니다.','UNCHECKED','SNS','2765575678','2765520552'),(629,7,'2023-05-18 22:57:43.853427','오태훈님이 SNS 포스팅 동의 요청을 보냈습니다.','UNCHECKED','SNS','2762811156','2765520552'),(630,7,'2023-05-18 22:57:43.862063','오태훈님이 SNS 포스팅 동의 요청을 보냈습니다.','UNCHECKED','SNS','2764309450','2765520552'),(631,7,'2023-05-18 22:57:43.863684','오태훈님이 SNS 포스팅 동의 요청을 보냈습니다.','UNCHECKED','SNS','2764815852','2765520552'),(632,7,'2023-05-18 22:57:43.865111','오태훈님이 SNS 포스팅 동의 요청을 보냈습니다.','UNCHECKED','SNS','2765575663','2765520552'),(633,7,'2023-05-18 22:57:43.868170','오태훈님이 SNS 포스팅 동의 요청을 보냈습니다.','UNCHECKED','SNS','2765575678','2765520552'),(634,8,'2023-05-18 22:57:59.230373','오태훈님이 SNS 포스팅 동의 요청을 보냈습니다.','UNCHECKED','SNS','2762811156','2765520552'),(635,8,'2023-05-18 22:57:59.239736','오태훈님이 SNS 포스팅 동의 요청을 보냈습니다.','UNCHECKED','SNS','2764309450','2765520552'),(636,8,'2023-05-18 22:57:59.243879','오태훈님이 SNS 포스팅 동의 요청을 보냈습니다.','UNCHECKED','SNS','2764815852','2765520552'),(637,8,'2023-05-18 22:57:59.245599','오태훈님이 SNS 포스팅 동의 요청을 보냈습니다.','UNCHECKED','SNS','2765575663','2765520552'),(638,8,'2023-05-18 22:57:59.247684','오태훈님이 SNS 포스팅 동의 요청을 보냈습니다.','UNCHECKED','SNS','2765575678','2765520552'),(639,9,'2023-05-18 22:58:05.075693','오태훈님이 SNS 포스팅 동의 요청을 보냈습니다.','UNCHECKED','SNS','2762811156','2765520552'),(640,9,'2023-05-18 22:58:05.082823','오태훈님이 SNS 포스팅 동의 요청을 보냈습니다.','UNCHECKED','SNS','2764309450','2765520552'),(641,9,'2023-05-18 22:58:05.084200','오태훈님이 SNS 포스팅 동의 요청을 보냈습니다.','UNCHECKED','SNS','2764815852','2765520552'),(642,9,'2023-05-18 22:58:05.085972','오태훈님이 SNS 포스팅 동의 요청을 보냈습니다.','UNCHECKED','SNS','2765575663','2765520552'),(643,9,'2023-05-18 22:58:05.087918','오태훈님이 SNS 포스팅 동의 요청을 보냈습니다.','UNCHECKED','SNS','2765575678','2765520552'),(644,156,'2023-05-18 22:58:17.907248','오태훈님이 SNS 포스팅 동의 요청을 보냈습니다.','UNCHECKED','SNS','2762811156','2765520552'),(645,156,'2023-05-18 22:58:17.914571','오태훈님이 SNS 포스팅 동의 요청을 보냈습니다.','UNCHECKED','SNS','2764309450','2765520552'),(646,156,'2023-05-18 22:58:17.915966','오태훈님이 SNS 포스팅 동의 요청을 보냈습니다.','UNCHECKED','SNS','2764815852','2765520552'),(647,156,'2023-05-18 22:58:17.917410','오태훈님이 SNS 포스팅 동의 요청을 보냈습니다.','UNCHECKED','SNS','2765575663','2765520552'),(648,156,'2023-05-18 22:58:17.918666','오태훈님이 SNS 포스팅 동의 요청을 보냈습니다.','UNCHECKED','SNS','2765575678','2765520552'),(649,321,'2023-05-18 22:58:37.811403','최현인님이 공유앨범에 사진을 업로드 했습니다.','UNCHECKED','UPLOAD','2762811156','2764815852'),(650,321,'2023-05-18 22:58:37.813427','최현인님이 공유앨범에 사진을 업로드 했습니다.','UNCHECKED','UPLOAD','2764309450','2764815852'),(651,321,'2023-05-18 22:58:37.816859','최현인님이 공유앨범에 사진을 업로드 했습니다.','UNCHECKED','UPLOAD','2765520552','2764815852'),(652,321,'2023-05-18 22:58:37.818470','최현인님이 공유앨범에 사진을 업로드 했습니다.','DONE','UPLOAD','2765575663','2764815852'),(653,322,'2023-05-18 22:58:40.452800','최현인님이 공유앨범에 사진을 업로드 했습니다.','UNCHECKED','UPLOAD','2762811156','2764815852'),(654,322,'2023-05-18 22:58:40.455057','최현인님이 공유앨범에 사진을 업로드 했습니다.','UNCHECKED','UPLOAD','2764309450','2764815852'),(655,322,'2023-05-18 22:58:40.456894','최현인님이 공유앨범에 사진을 업로드 했습니다.','UNCHECKED','UPLOAD','2765520552','2764815852'),(656,322,'2023-05-18 22:58:40.458892','최현인님이 공유앨범에 사진을 업로드 했습니다.','DONE','UPLOAD','2765575663','2764815852'),(657,323,'2023-05-18 22:58:42.998064','최현인님이 공유앨범에 사진을 업로드 했습니다.','UNCHECKED','UPLOAD','2762811156','2764815852'),(658,323,'2023-05-18 22:58:43.002225','최현인님이 공유앨범에 사진을 업로드 했습니다.','UNCHECKED','UPLOAD','2764309450','2764815852'),(659,323,'2023-05-18 22:58:43.005259','최현인님이 공유앨범에 사진을 업로드 했습니다.','UNCHECKED','UPLOAD','2765520552','2764815852'),(660,323,'2023-05-18 22:58:43.007263','최현인님이 공유앨범에 사진을 업로드 했습니다.','DONE','UPLOAD','2765575663','2764815852'),(661,325,'2023-05-18 22:58:45.749613','최현인님이 공유앨범에 사진을 업로드 했습니다.','UNCHECKED','UPLOAD','2762811156','2764815852'),(662,325,'2023-05-18 22:58:45.751505','최현인님이 공유앨범에 사진을 업로드 했습니다.','UNCHECKED','UPLOAD','2764309450','2764815852'),(663,325,'2023-05-18 22:58:45.752963','최현인님이 공유앨범에 사진을 업로드 했습니다.','UNCHECKED','UPLOAD','2765520552','2764815852'),(664,325,'2023-05-18 22:58:45.754281','최현인님이 공유앨범에 사진을 업로드 했습니다.','DONE','UPLOAD','2765575663','2764815852'),(665,324,'2023-05-18 22:58:48.164195','최현인님이 공유앨범에 사진을 업로드 했습니다.','UNCHECKED','UPLOAD','2762811156','2764815852'),(666,324,'2023-05-18 22:58:48.165998','최현인님이 공유앨범에 사진을 업로드 했습니다.','UNCHECKED','UPLOAD','2764309450','2764815852'),(667,324,'2023-05-18 22:58:48.167366','최현인님이 공유앨범에 사진을 업로드 했습니다.','UNCHECKED','UPLOAD','2765520552','2764815852'),(668,324,'2023-05-18 22:58:48.168640','최현인님이 공유앨범에 사진을 업로드 했습니다.','DONE','UPLOAD','2765575663','2764815852'),(669,157,'2023-05-18 22:59:03.219992','오태훈님이 SNS 포스팅 동의 요청을 보냈습니다.','UNCHECKED','SNS','2762811156','2765520552'),(670,157,'2023-05-18 22:59:03.228113','오태훈님이 SNS 포스팅 동의 요청을 보냈습니다.','UNCHECKED','SNS','2764309450','2765520552'),(671,157,'2023-05-18 22:59:03.229658','오태훈님이 SNS 포스팅 동의 요청을 보냈습니다.','UNCHECKED','SNS','2764815852','2765520552'),(672,157,'2023-05-18 22:59:03.231318','오태훈님이 SNS 포스팅 동의 요청을 보냈습니다.','UNCHECKED','SNS','2765575663','2765520552'),(673,157,'2023-05-18 22:59:03.233244','오태훈님이 SNS 포스팅 동의 요청을 보냈습니다.','UNCHECKED','SNS','2765575678','2765520552'),(674,158,'2023-05-18 22:59:09.592006','오태훈님이 SNS 포스팅 동의 요청을 보냈습니다.','UNCHECKED','SNS','2762811156','2765520552'),(675,158,'2023-05-18 22:59:09.599017','오태훈님이 SNS 포스팅 동의 요청을 보냈습니다.','UNCHECKED','SNS','2764309450','2765520552'),(676,158,'2023-05-18 22:59:09.600429','오태훈님이 SNS 포스팅 동의 요청을 보냈습니다.','UNCHECKED','SNS','2764815852','2765520552'),(677,158,'2023-05-18 22:59:09.601919','오태훈님이 SNS 포스팅 동의 요청을 보냈습니다.','UNCHECKED','SNS','2765575663','2765520552'),(678,158,'2023-05-18 22:59:09.603314','오태훈님이 SNS 포스팅 동의 요청을 보냈습니다.','UNCHECKED','SNS','2765575678','2765520552'),(679,159,'2023-05-18 22:59:15.230704','오태훈님이 SNS 포스팅 동의 요청을 보냈습니다.','UNCHECKED','SNS','2762811156','2765520552'),(680,159,'2023-05-18 22:59:15.239009','오태훈님이 SNS 포스팅 동의 요청을 보냈습니다.','UNCHECKED','SNS','2764309450','2765520552'),(681,159,'2023-05-18 22:59:15.240653','오태훈님이 SNS 포스팅 동의 요청을 보냈습니다.','UNCHECKED','SNS','2764815852','2765520552'),(682,159,'2023-05-18 22:59:15.242524','오태훈님이 SNS 포스팅 동의 요청을 보냈습니다.','UNCHECKED','SNS','2765575663','2765520552'),(683,159,'2023-05-18 22:59:15.244445','오태훈님이 SNS 포스팅 동의 요청을 보냈습니다.','UNCHECKED','SNS','2765575678','2765520552'),(684,271,'2023-05-18 22:59:50.148567','오태훈님이 SNS 포스팅 동의 요청을 보냈습니다.','UNCHECKED','SNS','2762811156','2765520552'),(685,271,'2023-05-18 22:59:50.160461','오태훈님이 SNS 포스팅 동의 요청을 보냈습니다.','UNCHECKED','SNS','2764309450','2765520552'),(686,271,'2023-05-18 22:59:50.162618','오태훈님이 SNS 포스팅 동의 요청을 보냈습니다.','UNCHECKED','SNS','2764815852','2765520552'),(687,271,'2023-05-18 22:59:50.164962','오태훈님이 SNS 포스팅 동의 요청을 보냈습니다.','UNCHECKED','SNS','2765575663','2765520552'),(688,271,'2023-05-18 22:59:50.167386','오태훈님이 SNS 포스팅 동의 요청을 보냈습니다.','UNCHECKED','SNS','2765575678','2765520552'),(689,270,'2023-05-18 23:00:07.152919','오태훈님이 SNS 포스팅 동의 요청을 보냈습니다.','UNCHECKED','SNS','2762811156','2765520552'),(690,270,'2023-05-18 23:00:07.162277','오태훈님이 SNS 포스팅 동의 요청을 보냈습니다.','UNCHECKED','SNS','2764309450','2765520552'),(691,270,'2023-05-18 23:00:07.164604','오태훈님이 SNS 포스팅 동의 요청을 보냈습니다.','CHECKED','SNS','2764815852','2765520552'),(692,270,'2023-05-18 23:00:07.166405','오태훈님이 SNS 포스팅 동의 요청을 보냈습니다.','UNCHECKED','SNS','2765575663','2765520552'),(693,270,'2023-05-18 23:00:07.167883','오태훈님이 SNS 포스팅 동의 요청을 보냈습니다.','UNCHECKED','SNS','2765575678','2765520552'),(694,325,'2023-05-18 23:01:04.473097','최현인님이 SNS 포스팅 동의 요청을 보냈습니다.','UNCHECKED','SNS','2762811156','2764815852'),(695,325,'2023-05-18 23:01:04.478731','최현인님이 SNS 포스팅 동의 요청을 보냈습니다.','UNCHECKED','SNS','2764309450','2764815852'),(696,325,'2023-05-18 23:01:04.480083','최현인님이 SNS 포스팅 동의 요청을 보냈습니다.','UNCHECKED','SNS','2765520552','2764815852'),(697,325,'2023-05-18 23:01:04.481358','최현인님이 SNS 포스팅 동의 요청을 보냈습니다.','UNCHECKED','SNS','2765575663','2764815852'),(698,323,'2023-05-18 23:01:05.470578','차차님이 SNS 포스팅 동의 요청을 보냈습니다.','UNCHECKED','SNS','2764309450','2762811156'),(699,323,'2023-05-18 23:01:05.476241','차차님이 SNS 포스팅 동의 요청을 보냈습니다.','CHECKED','SNS','2764815852','2762811156'),(700,323,'2023-05-18 23:01:05.477733','차차님이 SNS 포스팅 동의 요청을 보냈습니다.','UNCHECKED','SNS','2765520552','2762811156'),(701,323,'2023-05-18 23:01:05.479013','차차님이 SNS 포스팅 동의 요청을 보냈습니다.','UNCHECKED','SNS','2765575663','2762811156'),(702,326,'2023-05-18 23:01:14.295099','김동욱님이 공유앨범에 사진을 업로드 했습니다.','UNCHECKED','UPLOAD','2762811156','2765575678'),(703,326,'2023-05-18 23:01:14.296748','김동욱님이 공유앨범에 사진을 업로드 했습니다.','UNCHECKED','UPLOAD','2764309450','2765575678'),(704,326,'2023-05-18 23:01:14.298236','김동욱님이 공유앨범에 사진을 업로드 했습니다.','DONE','UPLOAD','2764815852','2765575678'),(705,326,'2023-05-18 23:01:14.299974','김동욱님이 공유앨범에 사진을 업로드 했습니다.','UNCHECKED','UPLOAD','2765520552','2765575678'),(706,326,'2023-05-18 23:01:14.301366','김동욱님이 공유앨범에 사진을 업로드 했습니다.','DONE','UPLOAD','2765575663','2765575678'),(707,204,'2023-05-18 23:01:23.270321','정상민님이 SNS 포스팅 동의 요청을 보냈습니다.','UNCHECKED','SNS','2762811156','2765575663'),(708,204,'2023-05-18 23:01:23.276344','정상민님이 SNS 포스팅 동의 요청을 보냈습니다.','UNCHECKED','SNS','2764309450','2765575663'),(709,204,'2023-05-18 23:01:23.277924','정상민님이 SNS 포스팅 동의 요청을 보냈습니다.','UNCHECKED','SNS','2765520552','2765575663'),(710,204,'2023-05-18 23:01:23.279314','정상민님이 SNS 포스팅 동의 요청을 보냈습니다.','UNCHECKED','SNS','2765575678','2765575663'),(711,326,'2023-05-18 23:01:27.544104','김동욱님이 SNS 포스팅 동의 요청을 보냈습니다.','UNCHECKED','SNS','2762811156','2765575678'),(712,326,'2023-05-18 23:01:27.551345','김동욱님이 SNS 포스팅 동의 요청을 보냈습니다.','UNCHECKED','SNS','2764309450','2765575678'),(713,326,'2023-05-18 23:01:27.552711','김동욱님이 SNS 포스팅 동의 요청을 보냈습니다.','CHECKED','SNS','2764815852','2765575678'),(714,326,'2023-05-18 23:01:27.554201','김동욱님이 SNS 포스팅 동의 요청을 보냈습니다.','UNCHECKED','SNS','2765520552','2765575678'),(715,326,'2023-05-18 23:01:27.555454','김동욱님이 SNS 포스팅 동의 요청을 보냈습니다.','UNCHECKED','SNS','2765575663','2765575678'),(716,215,'2023-05-18 23:01:32.484848','정상민님이 SNS 포스팅 동의 요청을 보냈습니다.','UNCHECKED','SNS','2762811156','2765575663'),(717,215,'2023-05-18 23:01:32.491099','정상민님이 SNS 포스팅 동의 요청을 보냈습니다.','UNCHECKED','SNS','2764309450','2765575663'),(718,215,'2023-05-18 23:01:32.492621','정상민님이 SNS 포스팅 동의 요청을 보냈습니다.','UNCHECKED','SNS','2765520552','2765575663'),(719,215,'2023-05-18 23:01:32.494076','정상민님이 SNS 포스팅 동의 요청을 보냈습니다.','DONE','SNS','2765575678','2765575663'),(720,195,'2023-05-18 23:02:06.874300','정상민님이 SNS 포스팅 동의 요청을 보냈습니다.','UNCHECKED','SNS','2762811156','2765575663'),(721,195,'2023-05-18 23:02:06.886847','정상민님이 SNS 포스팅 동의 요청을 보냈습니다.','UNCHECKED','SNS','2764309450','2765575663'),(722,195,'2023-05-18 23:02:06.890510','정상민님이 SNS 포스팅 동의 요청을 보냈습니다.','UNCHECKED','SNS','2764815852','2765575663'),(723,195,'2023-05-18 23:02:06.893608','정상민님이 SNS 포스팅 동의 요청을 보냈습니다.','UNCHECKED','SNS','2765520552','2765575663'),(724,195,'2023-05-18 23:02:06.899165','정상민님이 SNS 포스팅 동의 요청을 보냈습니다.','UNCHECKED','SNS','2765575678','2765575663'),(725,195,'2023-05-18 23:02:06.908504','정상민님이 SNS 포스팅 동의 요청을 보냈습니다.','UNCHECKED','SNS','2772839750','2765575663'),(726,203,'2023-05-18 23:02:34.546761','정상민님이 SNS 포스팅 동의 요청을 보냈습니다.','UNCHECKED','SNS','2762811156','2765575663'),(727,203,'2023-05-18 23:02:34.553579','정상민님이 SNS 포스팅 동의 요청을 보냈습니다.','UNCHECKED','SNS','2764309450','2765575663'),(728,203,'2023-05-18 23:02:34.555496','정상민님이 SNS 포스팅 동의 요청을 보냈습니다.','UNCHECKED','SNS','2765520552','2765575663'),(729,203,'2023-05-18 23:02:34.572381','정상민님이 SNS 포스팅 동의 요청을 보냈습니다.','UNCHECKED','SNS','2765575678','2765575663'),(730,321,'2023-05-18 23:03:14.791025','차차님이 SNS 포스팅 동의 요청을 보냈습니다.','UNCHECKED','SNS','2764309450','2762811156'),(731,321,'2023-05-18 23:03:14.797895','차차님이 SNS 포스팅 동의 요청을 보냈습니다.','UNCHECKED','SNS','2764815852','2762811156'),(732,321,'2023-05-18 23:03:14.799588','차차님이 SNS 포스팅 동의 요청을 보냈습니다.','UNCHECKED','SNS','2765520552','2762811156'),(733,321,'2023-05-18 23:03:14.801663','차차님이 SNS 포스팅 동의 요청을 보냈습니다.','UNCHECKED','SNS','2765575663','2762811156'),(734,280,'2023-05-18 23:03:47.430555','박서윤님이 SNS 포스팅 동의 요청을 보냈습니다.','UNCHECKED','SNS','2762811156','2764309450'),(735,280,'2023-05-18 23:03:47.459192','박서윤님이 SNS 포스팅 동의 요청을 보냈습니다.','UNCHECKED','SNS','2764815852','2764309450'),(736,280,'2023-05-18 23:03:47.462969','박서윤님이 SNS 포스팅 동의 요청을 보냈습니다.','UNCHECKED','SNS','2765520552','2764309450'),(737,280,'2023-05-18 23:03:47.466807','박서윤님이 SNS 포스팅 동의 요청을 보냈습니다.','UNCHECKED','SNS','2765575678','2764309450'),(738,324,'2023-05-18 23:03:48.916256','최현인님이 SNS 포스팅 동의 요청을 보냈습니다.','UNCHECKED','SNS','2762811156','2764815852'),(739,324,'2023-05-18 23:03:48.922194','최현인님이 SNS 포스팅 동의 요청을 보냈습니다.','UNCHECKED','SNS','2764309450','2764815852'),(740,324,'2023-05-18 23:03:48.923534','최현인님이 SNS 포스팅 동의 요청을 보냈습니다.','UNCHECKED','SNS','2765520552','2764815852'),(741,324,'2023-05-18 23:03:48.926690','최현인님이 SNS 포스팅 동의 요청을 보냈습니다.','UNCHECKED','SNS','2765575663','2764815852'),(742,281,'2023-05-18 23:04:25.606901','박서윤님이 SNS 포스팅 동의 요청을 보냈습니다.','UNCHECKED','SNS','2762811156','2764309450'),(743,281,'2023-05-18 23:04:25.613456','박서윤님이 SNS 포스팅 동의 요청을 보냈습니다.','UNCHECKED','SNS','2764815852','2764309450'),(744,281,'2023-05-18 23:04:25.615205','박서윤님이 SNS 포스팅 동의 요청을 보냈습니다.','UNCHECKED','SNS','2765520552','2764309450'),(745,281,'2023-05-18 23:04:25.617169','박서윤님이 SNS 포스팅 동의 요청을 보냈습니다.','UNCHECKED','SNS','2765575678','2764309450'),(746,322,'2023-05-18 23:04:26.865191','최현인님이 SNS 포스팅 동의 요청을 보냈습니다.','UNCHECKED','SNS','2762811156','2764815852'),(747,322,'2023-05-18 23:04:26.871471','최현인님이 SNS 포스팅 동의 요청을 보냈습니다.','UNCHECKED','SNS','2764309450','2764815852'),(748,322,'2023-05-18 23:04:26.873039','최현인님이 SNS 포스팅 동의 요청을 보냈습니다.','UNCHECKED','SNS','2765520552','2764815852'),(749,322,'2023-05-18 23:04:26.874486','최현인님이 SNS 포스팅 동의 요청을 보냈습니다.','UNCHECKED','SNS','2765575663','2764815852'),(750,327,'2023-05-18 23:05:06.118076','오태훈님이 공유앨범에 사진을 업로드 했습니다.','UNCHECKED','UPLOAD','2762811156','2765520552'),(751,327,'2023-05-18 23:05:06.119862','오태훈님이 공유앨범에 사진을 업로드 했습니다.','UNCHECKED','UPLOAD','2764309450','2765520552'),(752,327,'2023-05-18 23:05:06.121670','오태훈님이 공유앨범에 사진을 업로드 했습니다.','UNCHECKED','UPLOAD','2764815852','2765520552'),(753,327,'2023-05-18 23:05:06.123242','오태훈님이 공유앨범에 사진을 업로드 했습니다.','DONE','UPLOAD','2765575663','2765520552'),(754,327,'2023-05-18 23:05:06.124737','오태훈님이 공유앨범에 사진을 업로드 했습니다.','UNCHECKED','UPLOAD','2765575678','2765520552'),(755,327,'2023-05-18 23:05:10.218241','오태훈님이 SNS 포스팅 동의 요청을 보냈습니다.','UNCHECKED','SNS','2762811156','2765520552'),(756,327,'2023-05-18 23:05:10.226814','오태훈님이 SNS 포스팅 동의 요청을 보냈습니다.','UNCHECKED','SNS','2764309450','2765520552'),(757,327,'2023-05-18 23:05:10.228459','오태훈님이 SNS 포스팅 동의 요청을 보냈습니다.','UNCHECKED','SNS','2764815852','2765520552'),(758,327,'2023-05-18 23:05:10.230220','오태훈님이 SNS 포스팅 동의 요청을 보냈습니다.','UNCHECKED','SNS','2765575663','2765520552'),(759,327,'2023-05-18 23:05:10.231618','오태훈님이 SNS 포스팅 동의 요청을 보냈습니다.','DONE','SNS','2765575678','2765520552'),(760,214,'2023-05-18 23:05:22.617073','차차님이 SNS 포스팅 동의 요청을 보냈습니다.','UNCHECKED','SNS','2764309450','2762811156'),(761,214,'2023-05-18 23:05:22.624051','차차님이 SNS 포스팅 동의 요청을 보냈습니다.','UNCHECKED','SNS','2765520552','2762811156'),(762,214,'2023-05-18 23:05:22.625520','차차님이 SNS 포스팅 동의 요청을 보냈습니다.','UNCHECKED','SNS','2765575663','2762811156'),(763,214,'2023-05-18 23:05:22.626916','차차님이 SNS 포스팅 동의 요청을 보냈습니다.','DONE','SNS','2765575678','2762811156'),(764,327,'2023-05-18 23:05:29.492246','박서윤님이 SNS 포스팅 동의 요청을 보냈습니다.','UNCHECKED','SNS','2762811156','2764309450'),(765,327,'2023-05-18 23:05:29.495165','박서윤님이 SNS 포스팅 동의 요청을 보냈습니다.','UNCHECKED','SNS','2764815852','2764309450'),(766,327,'2023-05-18 23:05:29.496755','박서윤님이 SNS 포스팅 동의 요청을 보냈습니다.','UNCHECKED','SNS','2765520552','2764309450'),(767,327,'2023-05-18 23:05:29.498077','박서윤님이 SNS 포스팅 동의 요청을 보냈습니다.','UNCHECKED','SNS','2765575663','2764309450'),(768,327,'2023-05-18 23:05:29.499785','박서윤님이 SNS 포스팅 동의 요청을 보냈습니다.','DONE','SNS','2765575678','2764309450'),(769,329,'2023-05-18 23:05:39.569677','오태훈님이 공유앨범에 사진을 업로드 했습니다.','UNCHECKED','UPLOAD','2762811156','2765520552'),(770,329,'2023-05-18 23:05:39.571657','오태훈님이 공유앨범에 사진을 업로드 했습니다.','UNCHECKED','UPLOAD','2764309450','2765520552'),(771,329,'2023-05-18 23:05:39.573039','오태훈님이 공유앨범에 사진을 업로드 했습니다.','UNCHECKED','UPLOAD','2764815852','2765520552'),(772,329,'2023-05-18 23:05:39.574592','오태훈님이 공유앨범에 사진을 업로드 했습니다.','DONE','UPLOAD','2765575663','2765520552'),(773,329,'2023-05-18 23:05:39.576018','오태훈님이 공유앨범에 사진을 업로드 했습니다.','UNCHECKED','UPLOAD','2765575678','2765520552'),(774,328,'2023-05-18 23:05:42.183566','오태훈님이 공유앨범에 사진을 업로드 했습니다.','UNCHECKED','UPLOAD','2762811156','2765520552'),(775,328,'2023-05-18 23:05:42.185240','오태훈님이 공유앨범에 사진을 업로드 했습니다.','UNCHECKED','UPLOAD','2764309450','2765520552'),(776,328,'2023-05-18 23:05:42.186727','오태훈님이 공유앨범에 사진을 업로드 했습니다.','UNCHECKED','UPLOAD','2764815852','2765520552'),(777,328,'2023-05-18 23:05:42.188526','오태훈님이 공유앨범에 사진을 업로드 했습니다.','DONE','UPLOAD','2765575663','2765520552'),(778,328,'2023-05-18 23:05:42.190342','오태훈님이 공유앨범에 사진을 업로드 했습니다.','UNCHECKED','UPLOAD','2765575678','2765520552'),(779,330,'2023-05-18 23:05:44.781058','오태훈님이 공유앨범에 사진을 업로드 했습니다.','UNCHECKED','UPLOAD','2762811156','2765520552'),(780,330,'2023-05-18 23:05:44.782745','오태훈님이 공유앨범에 사진을 업로드 했습니다.','UNCHECKED','UPLOAD','2764309450','2765520552'),(781,330,'2023-05-18 23:05:44.784070','오태훈님이 공유앨범에 사진을 업로드 했습니다.','UNCHECKED','UPLOAD','2764815852','2765520552'),(782,330,'2023-05-18 23:05:44.786242','오태훈님이 공유앨범에 사진을 업로드 했습니다.','DONE','UPLOAD','2765575663','2765520552'),(783,330,'2023-05-18 23:05:44.787766','오태훈님이 공유앨범에 사진을 업로드 했습니다.','UNCHECKED','UPLOAD','2765575678','2765520552'),(784,331,'2023-05-18 23:06:41.195359','오태훈님이 공유앨범에 사진을 업로드 했습니다.','UNCHECKED','UPLOAD','2762811156','2765520552'),(785,331,'2023-05-18 23:06:41.197470','오태훈님이 공유앨범에 사진을 업로드 했습니다.','UNCHECKED','UPLOAD','2764309450','2765520552'),(786,331,'2023-05-18 23:06:41.199810','오태훈님이 공유앨범에 사진을 업로드 했습니다.','UNCHECKED','UPLOAD','2764815852','2765520552'),(787,331,'2023-05-18 23:06:41.201882','오태훈님이 공유앨범에 사진을 업로드 했습니다.','DONE','UPLOAD','2765575678','2765520552'),(788,332,'2023-05-18 23:06:43.766851','오태훈님이 공유앨범에 사진을 업로드 했습니다.','UNCHECKED','UPLOAD','2762811156','2765520552'),(789,332,'2023-05-18 23:06:43.768913','오태훈님이 공유앨범에 사진을 업로드 했습니다.','UNCHECKED','UPLOAD','2764309450','2765520552'),(790,332,'2023-05-18 23:06:43.770265','오태훈님이 공유앨범에 사진을 업로드 했습니다.','UNCHECKED','UPLOAD','2764815852','2765520552'),(791,332,'2023-05-18 23:06:43.771993','오태훈님이 공유앨범에 사진을 업로드 했습니다.','DONE','UPLOAD','2765575678','2765520552'),(792,12,'2023-05-18 23:08:27.585731','오태훈님이 화목한자율1팀 앨범에 초대했습니다.','DONE','INVITE','2765575663','2765520552'),(793,333,'2023-05-18 23:10:55.134079','최현인님이 공유앨범에 사진을 업로드 했습니다.','UNCHECKED','UPLOAD','2762811156','2764815852'),(794,333,'2023-05-18 23:10:55.135808','최현인님이 공유앨범에 사진을 업로드 했습니다.','UNCHECKED','UPLOAD','2764309450','2764815852'),(795,333,'2023-05-18 23:10:55.137320','최현인님이 공유앨범에 사진을 업로드 했습니다.','UNCHECKED','UPLOAD','2765520552','2764815852'),(796,333,'2023-05-18 23:10:55.138763','최현인님이 공유앨범에 사진을 업로드 했습니다.','DONE','UPLOAD','2765575663','2764815852'),(797,333,'2023-05-18 23:10:55.140239','최현인님이 공유앨범에 사진을 업로드 했습니다.','UNCHECKED','UPLOAD','2765575678','2764815852'),(798,334,'2023-05-18 23:11:03.014192','정상민님이 공유앨범에 사진을 업로드 했습니다.','UNCHECKED','UPLOAD','2762811156','2765575663'),(799,334,'2023-05-18 23:11:03.016418','정상민님이 공유앨범에 사진을 업로드 했습니다.','UNCHECKED','UPLOAD','2764309450','2765575663'),(800,334,'2023-05-18 23:11:03.017963','정상민님이 공유앨범에 사진을 업로드 했습니다.','UNCHECKED','UPLOAD','2764815852','2765575663'),(801,334,'2023-05-18 23:11:03.019848','정상민님이 공유앨범에 사진을 업로드 했습니다.','UNCHECKED','UPLOAD','2765520552','2765575663'),(802,334,'2023-05-18 23:11:03.027751','정상민님이 공유앨범에 사진을 업로드 했습니다.','UNCHECKED','UPLOAD','2765575678','2765575663'),(803,335,'2023-05-18 23:11:05.750221','정상민님이 공유앨범에 사진을 업로드 했습니다.','UNCHECKED','UPLOAD','2762811156','2765575663'),(804,335,'2023-05-18 23:11:05.752157','정상민님이 공유앨범에 사진을 업로드 했습니다.','UNCHECKED','UPLOAD','2764309450','2765575663'),(805,335,'2023-05-18 23:11:05.753993','정상민님이 공유앨범에 사진을 업로드 했습니다.','UNCHECKED','UPLOAD','2764815852','2765575663'),(806,335,'2023-05-18 23:11:05.756522','정상민님이 공유앨범에 사진을 업로드 했습니다.','UNCHECKED','UPLOAD','2765520552','2765575663'),(807,335,'2023-05-18 23:11:05.758378','정상민님이 공유앨범에 사진을 업로드 했습니다.','UNCHECKED','UPLOAD','2765575678','2765575663'),(808,336,'2023-05-18 23:11:08.172128','정상민님이 공유앨범에 사진을 업로드 했습니다.','UNCHECKED','UPLOAD','2762811156','2765575663'),(809,336,'2023-05-18 23:11:08.173848','정상민님이 공유앨범에 사진을 업로드 했습니다.','UNCHECKED','UPLOAD','2764309450','2765575663'),(810,336,'2023-05-18 23:11:08.175394','정상민님이 공유앨범에 사진을 업로드 했습니다.','UNCHECKED','UPLOAD','2764815852','2765575663'),(811,336,'2023-05-18 23:11:08.177062','정상민님이 공유앨범에 사진을 업로드 했습니다.','UNCHECKED','UPLOAD','2765520552','2765575663'),(812,336,'2023-05-18 23:11:08.178506','정상민님이 공유앨범에 사진을 업로드 했습니다.','UNCHECKED','UPLOAD','2765575678','2765575663'),(813,337,'2023-05-18 23:11:10.743585','정상민님이 공유앨범에 사진을 업로드 했습니다.','UNCHECKED','UPLOAD','2762811156','2765575663'),(814,337,'2023-05-18 23:11:10.745787','정상민님이 공유앨범에 사진을 업로드 했습니다.','UNCHECKED','UPLOAD','2764309450','2765575663'),(815,337,'2023-05-18 23:11:10.747472','정상민님이 공유앨범에 사진을 업로드 했습니다.','UNCHECKED','UPLOAD','2764815852','2765575663'),(816,337,'2023-05-18 23:11:10.749067','정상민님이 공유앨범에 사진을 업로드 했습니다.','UNCHECKED','UPLOAD','2765520552','2765575663'),(817,337,'2023-05-18 23:11:10.750584','정상민님이 공유앨범에 사진을 업로드 했습니다.','UNCHECKED','UPLOAD','2765575678','2765575663'),(818,333,'2023-05-18 23:12:39.117973','오태훈님이 SNS 포스팅 동의 요청을 보냈습니다.','DONE','SNS','2762811156','2765520552'),(819,333,'2023-05-18 23:12:39.125822','오태훈님이 SNS 포스팅 동의 요청을 보냈습니다.','DONE','SNS','2764309450','2765520552'),(820,333,'2023-05-18 23:12:39.127632','오태훈님이 SNS 포스팅 동의 요청을 보냈습니다.','DONE','SNS','2764815852','2765520552'),(821,333,'2023-05-18 23:12:39.130544','오태훈님이 SNS 포스팅 동의 요청을 보냈습니다.','DONE','SNS','2765575663','2765520552'),(822,333,'2023-05-18 23:12:39.132194','오태훈님이 SNS 포스팅 동의 요청을 보냈습니다.','DONE','SNS','2765575678','2765520552'),(823,333,'2023-05-18 23:14:23.792290','정상민님이 SNS 포스팅 동의 요청을 보냈습니다.','UNCHECKED','SNS','2762811156','2765575663'),(824,333,'2023-05-18 23:14:23.809583','정상민님이 SNS 포스팅 동의 요청을 보냈습니다.','UNCHECKED','SNS','2764309450','2765575663'),(825,333,'2023-05-18 23:14:23.811975','정상민님이 SNS 포스팅 동의 요청을 보냈습니다.','UNCHECKED','SNS','2764815852','2765575663'),(826,333,'2023-05-18 23:14:23.813532','정상민님이 SNS 포스팅 동의 요청을 보냈습니다.','UNCHECKED','SNS','2765520552','2765575663'),(827,333,'2023-05-18 23:14:23.814944','정상민님이 SNS 포스팅 동의 요청을 보냈습니다.','UNCHECKED','SNS','2765575678','2765575663'),(828,330,'2023-05-18 23:17:44.627164','오태훈님이 SNS 포스팅 동의 요청을 보냈습니다.','UNCHECKED','SNS','2762811156','2765520552'),(829,330,'2023-05-18 23:17:44.634180','오태훈님이 SNS 포스팅 동의 요청을 보냈습니다.','UNCHECKED','SNS','2764309450','2765520552'),(830,330,'2023-05-18 23:17:44.635490','오태훈님이 SNS 포스팅 동의 요청을 보냈습니다.','UNCHECKED','SNS','2764815852','2765520552'),(831,330,'2023-05-18 23:17:44.636958','오태훈님이 SNS 포스팅 동의 요청을 보냈습니다.','UNCHECKED','SNS','2765575663','2765520552'),(832,330,'2023-05-18 23:17:44.638652','오태훈님이 SNS 포스팅 동의 요청을 보냈습니다.','UNCHECKED','SNS','2765575678','2765520552'),(833,337,'2023-05-18 23:17:45.148868','김동욱님이 SNS 포스팅 동의 요청을 보냈습니다.','UNCHECKED','SNS','2762811156','2765575678'),(834,337,'2023-05-18 23:17:45.155585','김동욱님이 SNS 포스팅 동의 요청을 보냈습니다.','UNCHECKED','SNS','2764309450','2765575678'),(835,337,'2023-05-18 23:17:45.156826','김동욱님이 SNS 포스팅 동의 요청을 보냈습니다.','UNCHECKED','SNS','2764815852','2765575678'),(836,337,'2023-05-18 23:17:45.158244','김동욱님이 SNS 포스팅 동의 요청을 보냈습니다.','UNCHECKED','SNS','2765520552','2765575678'),(837,337,'2023-05-18 23:17:45.159549','김동욱님이 SNS 포스팅 동의 요청을 보냈습니다.','UNCHECKED','SNS','2765575663','2765575678'),(838,329,'2023-05-18 23:18:38.009245','오태훈님이 SNS 포스팅 동의 요청을 보냈습니다.','UNCHECKED','SNS','2762811156','2765520552'),(839,329,'2023-05-18 23:18:38.034558','오태훈님이 SNS 포스팅 동의 요청을 보냈습니다.','UNCHECKED','SNS','2764309450','2765520552'),(840,329,'2023-05-18 23:18:38.038296','오태훈님이 SNS 포스팅 동의 요청을 보냈습니다.','UNCHECKED','SNS','2764815852','2765520552'),(841,329,'2023-05-18 23:18:38.044412','오태훈님이 SNS 포스팅 동의 요청을 보냈습니다.','UNCHECKED','SNS','2765575663','2765520552'),(842,329,'2023-05-18 23:18:38.055611','오태훈님이 SNS 포스팅 동의 요청을 보냈습니다.','UNCHECKED','SNS','2765575678','2765520552'),(843,331,'2023-05-18 23:18:42.194187','김동욱님이 SNS 포스팅 동의 요청을 보냈습니다.','UNCHECKED','SNS','2762811156','2765575678'),(844,331,'2023-05-18 23:18:42.199938','김동욱님이 SNS 포스팅 동의 요청을 보냈습니다.','UNCHECKED','SNS','2764309450','2765575678'),(845,331,'2023-05-18 23:18:42.203574','김동욱님이 SNS 포스팅 동의 요청을 보냈습니다.','UNCHECKED','SNS','2764815852','2765575678'),(846,331,'2023-05-18 23:18:42.205143','김동욱님이 SNS 포스팅 동의 요청을 보냈습니다.','UNCHECKED','SNS','2765520552','2765575678'),(847,12,'2023-05-18 23:20:03.723364','오태훈님이 화목한자율1팀 앨범에 초대했습니다.','DONE','INVITE','2765575663','2765520552'),(848,339,'2023-05-18 23:22:32.200579','최현인님이 공유앨범에 사진을 업로드 했습니다.','UNCHECKED','UPLOAD','2762811156','2764815852'),(849,339,'2023-05-18 23:22:32.202425','최현인님이 공유앨범에 사진을 업로드 했습니다.','UNCHECKED','UPLOAD','2764309450','2764815852'),(850,339,'2023-05-18 23:22:32.204128','최현인님이 공유앨범에 사진을 업로드 했습니다.','UNCHECKED','UPLOAD','2765520552','2764815852'),(851,339,'2023-05-18 23:22:32.206301','최현인님이 공유앨범에 사진을 업로드 했습니다.','DONE','UPLOAD','2765575663','2764815852'),(852,339,'2023-05-18 23:22:32.208251','최현인님이 공유앨범에 사진을 업로드 했습니다.','UNCHECKED','UPLOAD','2765575678','2764815852'),(853,340,'2023-05-18 23:22:41.671525','정상민님이 공유앨범에 사진을 업로드 했습니다.','UNCHECKED','UPLOAD','2762811156','2765575663'),(854,340,'2023-05-18 23:22:41.673780','정상민님이 공유앨범에 사진을 업로드 했습니다.','UNCHECKED','UPLOAD','2764309450','2765575663'),(855,340,'2023-05-18 23:22:41.675313','정상민님이 공유앨범에 사진을 업로드 했습니다.','UNCHECKED','UPLOAD','2764815852','2765575663'),(856,340,'2023-05-18 23:22:41.677166','정상민님이 공유앨범에 사진을 업로드 했습니다.','UNCHECKED','UPLOAD','2765520552','2765575663'),(857,340,'2023-05-18 23:22:41.678596','정상민님이 공유앨범에 사진을 업로드 했습니다.','UNCHECKED','UPLOAD','2765575678','2765575663'),(858,341,'2023-05-18 23:22:44.261797','정상민님이 공유앨범에 사진을 업로드 했습니다.','UNCHECKED','UPLOAD','2762811156','2765575663'),(859,341,'2023-05-18 23:22:44.263448','정상민님이 공유앨범에 사진을 업로드 했습니다.','UNCHECKED','UPLOAD','2764309450','2765575663'),(860,341,'2023-05-18 23:22:44.264945','정상민님이 공유앨범에 사진을 업로드 했습니다.','UNCHECKED','UPLOAD','2764815852','2765575663'),(861,341,'2023-05-18 23:22:44.266293','정상민님이 공유앨범에 사진을 업로드 했습니다.','UNCHECKED','UPLOAD','2765520552','2765575663'),(862,341,'2023-05-18 23:22:44.267671','정상민님이 공유앨범에 사진을 업로드 했습니다.','UNCHECKED','UPLOAD','2765575678','2765575663'),(863,342,'2023-05-18 23:22:46.846448','정상민님이 공유앨범에 사진을 업로드 했습니다.','UNCHECKED','UPLOAD','2762811156','2765575663'),(864,342,'2023-05-18 23:22:46.847935','정상민님이 공유앨범에 사진을 업로드 했습니다.','UNCHECKED','UPLOAD','2764309450','2765575663'),(865,342,'2023-05-18 23:22:46.849307','정상민님이 공유앨범에 사진을 업로드 했습니다.','UNCHECKED','UPLOAD','2764815852','2765575663'),(866,342,'2023-05-18 23:22:46.850553','정상민님이 공유앨범에 사진을 업로드 했습니다.','UNCHECKED','UPLOAD','2765520552','2765575663'),(867,342,'2023-05-18 23:22:46.852057','정상민님이 공유앨범에 사진을 업로드 했습니다.','UNCHECKED','UPLOAD','2765575678','2765575663'),(868,339,'2023-05-18 23:23:52.272898','오태훈님이 SNS 포스팅 동의 요청을 보냈습니다.','UNCHECKED','SNS','2762811156','2765520552'),(869,339,'2023-05-18 23:23:52.286726','오태훈님이 SNS 포스팅 동의 요청을 보냈습니다.','DONE','SNS','2764309450','2765520552'),(870,339,'2023-05-18 23:23:52.287993','오태훈님이 SNS 포스팅 동의 요청을 보냈습니다.','UNCHECKED','SNS','2764815852','2765520552'),(871,339,'2023-05-18 23:23:52.289230','오태훈님이 SNS 포스팅 동의 요청을 보냈습니다.','DONE','SNS','2765575663','2765520552'),(872,339,'2023-05-18 23:23:52.290644','오태훈님이 SNS 포스팅 동의 요청을 보냈습니다.','DONE','SNS','2765575678','2765520552'),(873,12,'2023-05-18 23:40:54.134528','오태훈님이 화목한자율1팀 앨범에 초대했습니다.','DONE','INVITE','2765575663','2765520552'),(874,344,'2023-05-18 23:42:27.722637','정상민님이 공유앨범에 사진을 업로드 했습니다.','UNCHECKED','UPLOAD','2762811156','2765575663'),(875,344,'2023-05-18 23:42:27.732394','정상민님이 공유앨범에 사진을 업로드 했습니다.','UNCHECKED','UPLOAD','2764309450','2765575663'),(876,344,'2023-05-18 23:42:27.746749','정상민님이 공유앨범에 사진을 업로드 했습니다.','UNCHECKED','UPLOAD','2764815852','2765575663'),(877,344,'2023-05-18 23:42:27.750185','정상민님이 공유앨범에 사진을 업로드 했습니다.','UNCHECKED','UPLOAD','2765520552','2765575663'),(878,344,'2023-05-18 23:42:27.755726','정상민님이 공유앨범에 사진을 업로드 했습니다.','UNCHECKED','UPLOAD','2765575678','2765575663'),(879,345,'2023-05-18 23:42:30.151171','정상민님이 공유앨범에 사진을 업로드 했습니다.','UNCHECKED','UPLOAD','2762811156','2765575663'),(880,345,'2023-05-18 23:42:30.152821','정상민님이 공유앨범에 사진을 업로드 했습니다.','UNCHECKED','UPLOAD','2764309450','2765575663'),(881,345,'2023-05-18 23:42:30.154314','정상민님이 공유앨범에 사진을 업로드 했습니다.','UNCHECKED','UPLOAD','2764815852','2765575663'),(882,345,'2023-05-18 23:42:30.155644','정상민님이 공유앨범에 사진을 업로드 했습니다.','UNCHECKED','UPLOAD','2765520552','2765575663'),(883,345,'2023-05-18 23:42:30.156948','정상민님이 공유앨범에 사진을 업로드 했습니다.','UNCHECKED','UPLOAD','2765575678','2765575663'),(884,346,'2023-05-18 23:42:32.693578','정상민님이 공유앨범에 사진을 업로드 했습니다.','UNCHECKED','UPLOAD','2762811156','2765575663'),(885,346,'2023-05-18 23:42:32.695286','정상민님이 공유앨범에 사진을 업로드 했습니다.','UNCHECKED','UPLOAD','2764309450','2765575663'),(886,346,'2023-05-18 23:42:32.696680','정상민님이 공유앨범에 사진을 업로드 했습니다.','UNCHECKED','UPLOAD','2764815852','2765575663'),(887,346,'2023-05-18 23:42:32.698051','정상민님이 공유앨범에 사진을 업로드 했습니다.','UNCHECKED','UPLOAD','2765520552','2765575663'),(888,346,'2023-05-18 23:42:32.699318','정상민님이 공유앨범에 사진을 업로드 했습니다.','UNCHECKED','UPLOAD','2765575678','2765575663'),(889,346,'2023-05-18 23:42:56.292015','오태훈님이 SNS 포스팅 동의 요청을 보냈습니다.','UNCHECKED','SNS','2762811156','2765520552'),(890,346,'2023-05-18 23:42:56.298698','오태훈님이 SNS 포스팅 동의 요청을 보냈습니다.','UNCHECKED','SNS','2764309450','2765520552'),(891,346,'2023-05-18 23:42:56.300004','오태훈님이 SNS 포스팅 동의 요청을 보냈습니다.','UNCHECKED','SNS','2764815852','2765520552'),(892,346,'2023-05-18 23:42:56.301216','오태훈님이 SNS 포스팅 동의 요청을 보냈습니다.','DONE','SNS','2765575663','2765520552'),(893,346,'2023-05-18 23:42:56.302540','오태훈님이 SNS 포스팅 동의 요청을 보냈습니다.','UNCHECKED','SNS','2765575678','2765520552'),(894,328,'2023-05-19 00:39:25.252002','오태훈님이 SNS 포스팅 동의 요청을 보냈습니다.','UNCHECKED','SNS','2762811156','2765520552'),(895,328,'2023-05-19 00:39:25.260393','오태훈님이 SNS 포스팅 동의 요청을 보냈습니다.','UNCHECKED','SNS','2764309450','2765520552'),(896,328,'2023-05-19 00:39:25.261727','오태훈님이 SNS 포스팅 동의 요청을 보냈습니다.','UNCHECKED','SNS','2764815852','2765520552'),(897,328,'2023-05-19 00:39:25.263031','오태훈님이 SNS 포스팅 동의 요청을 보냈습니다.','CHECKED','SNS','2765575663','2765520552'),(898,328,'2023-05-19 00:39:25.264398','오태훈님이 SNS 포스팅 동의 요청을 보냈습니다.','UNCHECKED','SNS','2765575678','2765520552'),(899,328,'2023-05-19 00:39:25.265608','오태훈님이 SNS 포스팅 동의 요청을 보냈습니다.','UNCHECKED','SNS','2765777731','2765520552'),(900,348,'2023-05-19 00:40:36.646576','오태훈님이 공유앨범에 사진을 업로드 했습니다.','UNCHECKED','UPLOAD','2762811156','2765520552'),(901,348,'2023-05-19 00:40:36.648307','오태훈님이 공유앨범에 사진을 업로드 했습니다.','UNCHECKED','UPLOAD','2764309450','2765520552'),(902,348,'2023-05-19 00:40:36.649703','오태훈님이 공유앨범에 사진을 업로드 했습니다.','UNCHECKED','UPLOAD','2764815852','2765520552'),(903,348,'2023-05-19 00:40:36.651028','오태훈님이 공유앨범에 사진을 업로드 했습니다.','DONE','UPLOAD','2765575663','2765520552'),(904,348,'2023-05-19 00:40:36.652799','오태훈님이 공유앨범에 사진을 업로드 했습니다.','UNCHECKED','UPLOAD','2765575678','2765520552'),(905,348,'2023-05-19 00:40:36.654201','오태훈님이 공유앨범에 사진을 업로드 했습니다.','UNCHECKED','UPLOAD','2765777731','2765520552'),(906,348,'2023-05-19 00:40:40.593500','오태훈님이 SNS 포스팅 동의 요청을 보냈습니다.','UNCHECKED','SNS','2762811156','2765520552'),(907,348,'2023-05-19 00:40:40.602110','오태훈님이 SNS 포스팅 동의 요청을 보냈습니다.','UNCHECKED','SNS','2764309450','2765520552'),(908,348,'2023-05-19 00:40:40.603654','오태훈님이 SNS 포스팅 동의 요청을 보냈습니다.','UNCHECKED','SNS','2764815852','2765520552'),(909,348,'2023-05-19 00:40:40.605281','오태훈님이 SNS 포스팅 동의 요청을 보냈습니다.','UNCHECKED','SNS','2765575663','2765520552'),(910,348,'2023-05-19 00:40:40.606793','오태훈님이 SNS 포스팅 동의 요청을 보냈습니다.','UNCHECKED','SNS','2765575678','2765520552'),(911,348,'2023-05-19 00:40:40.608083','오태훈님이 SNS 포스팅 동의 요청을 보냈습니다.','UNCHECKED','SNS','2765777731','2765520552'),(912,12,'2023-05-19 00:50:13.704011','오태훈님이 화목한자율1팀 앨범에 초대했습니다.','DONE','INVITE','2765575663','2765520552'),(913,349,'2023-05-19 00:51:36.121182','정상민님이 공유앨범에 사진을 업로드 했습니다.','UNCHECKED','UPLOAD','2762811156','2765575663'),(914,349,'2023-05-19 00:51:36.122933','정상민님이 공유앨범에 사진을 업로드 했습니다.','UNCHECKED','UPLOAD','2764309450','2765575663'),(915,349,'2023-05-19 00:51:36.124511','정상민님이 공유앨범에 사진을 업로드 했습니다.','UNCHECKED','UPLOAD','2764815852','2765575663'),(916,349,'2023-05-19 00:51:36.125890','정상민님이 공유앨범에 사진을 업로드 했습니다.','UNCHECKED','UPLOAD','2765520552','2765575663'),(917,349,'2023-05-19 00:51:36.127245','정상민님이 공유앨범에 사진을 업로드 했습니다.','UNCHECKED','UPLOAD','2765575678','2765575663'),(918,350,'2023-05-19 00:51:38.682061','정상민님이 공유앨범에 사진을 업로드 했습니다.','UNCHECKED','UPLOAD','2762811156','2765575663'),(919,350,'2023-05-19 00:51:38.683823','정상민님이 공유앨범에 사진을 업로드 했습니다.','UNCHECKED','UPLOAD','2764309450','2765575663'),(920,350,'2023-05-19 00:51:38.685478','정상민님이 공유앨범에 사진을 업로드 했습니다.','UNCHECKED','UPLOAD','2764815852','2765575663'),(921,350,'2023-05-19 00:51:38.686985','정상민님이 공유앨범에 사진을 업로드 했습니다.','UNCHECKED','UPLOAD','2765520552','2765575663'),(922,350,'2023-05-19 00:51:38.688442','정상민님이 공유앨범에 사진을 업로드 했습니다.','UNCHECKED','UPLOAD','2765575678','2765575663'),(923,351,'2023-05-19 00:51:41.189876','정상민님이 공유앨범에 사진을 업로드 했습니다.','UNCHECKED','UPLOAD','2762811156','2765575663'),(924,351,'2023-05-19 00:51:41.191885','정상민님이 공유앨범에 사진을 업로드 했습니다.','UNCHECKED','UPLOAD','2764309450','2765575663'),(925,351,'2023-05-19 00:51:41.194037','정상민님이 공유앨범에 사진을 업로드 했습니다.','UNCHECKED','UPLOAD','2764815852','2765575663'),(926,351,'2023-05-19 00:51:41.196077','정상민님이 공유앨범에 사진을 업로드 했습니다.','UNCHECKED','UPLOAD','2765520552','2765575663'),(927,351,'2023-05-19 00:51:41.197665','정상민님이 공유앨범에 사진을 업로드 했습니다.','UNCHECKED','UPLOAD','2765575678','2765575663'),(928,352,'2023-05-19 00:51:43.713836','정상민님이 공유앨범에 사진을 업로드 했습니다.','UNCHECKED','UPLOAD','2762811156','2765575663'),(929,352,'2023-05-19 00:51:43.715318','정상민님이 공유앨범에 사진을 업로드 했습니다.','UNCHECKED','UPLOAD','2764309450','2765575663'),(930,352,'2023-05-19 00:51:43.716670','정상민님이 공유앨범에 사진을 업로드 했습니다.','UNCHECKED','UPLOAD','2764815852','2765575663'),(931,352,'2023-05-19 00:51:43.717931','정상민님이 공유앨범에 사진을 업로드 했습니다.','UNCHECKED','UPLOAD','2765520552','2765575663'),(932,352,'2023-05-19 00:51:43.719206','정상민님이 공유앨범에 사진을 업로드 했습니다.','UNCHECKED','UPLOAD','2765575678','2765575663'),(933,352,'2023-05-19 00:51:57.640824','오태훈님이 SNS 포스팅 동의 요청을 보냈습니다.','UNCHECKED','SNS','2762811156','2765520552'),(934,352,'2023-05-19 00:51:57.647941','오태훈님이 SNS 포스팅 동의 요청을 보냈습니다.','DONE','SNS','2764309450','2765520552'),(935,352,'2023-05-19 00:51:57.649304','오태훈님이 SNS 포스팅 동의 요청을 보냈습니다.','UNCHECKED','SNS','2764815852','2765520552'),(936,352,'2023-05-19 00:51:57.650617','오태훈님이 SNS 포스팅 동의 요청을 보냈습니다.','DONE','SNS','2765575663','2765520552'),(937,352,'2023-05-19 00:51:57.652103','오태훈님이 SNS 포스팅 동의 요청을 보냈습니다.','UNCHECKED','SNS','2765575678','2765520552');
/*!40000 ALTER TABLE `notification` ENABLE KEYS */;
UNLOCK TABLES;

--
-- Table structure for table `photo_category`
--

DROP TABLE IF EXISTS `photo_category`;
/*!40101 SET @saved_cs_client     = @@character_set_client */;
/*!50503 SET character_set_client = utf8mb4 */;
CREATE TABLE `photo_category` (
  `category_id` bigint NOT NULL,
  `category_name` varchar(255) DEFAULT NULL,
  PRIMARY KEY (`category_id`)
) ENGINE=InnoDB DEFAULT CHARSET=utf8mb4 COLLATE=utf8mb4_0900_ai_ci;
/*!40101 SET character_set_client = @saved_cs_client */;

--
-- Dumping data for table `photo_category`
--

LOCK TABLES `photo_category` WRITE;
/*!40000 ALTER TABLE `photo_category` DISABLE KEYS */;
INSERT INTO `photo_category` VALUES (1,'person'),(2,'people'),(3,'food'),(4,'animal'),(5,'sport'),(6,'thing'),(7,'nature');
/*!40000 ALTER TABLE `photo_category` ENABLE KEYS */;
UNLOCK TABLES;

--
-- Table structure for table `user`
--

DROP TABLE IF EXISTS `user`;
/*!40101 SET @saved_cs_client     = @@character_set_client */;
/*!50503 SET character_set_client = utf8mb4 */;
CREATE TABLE `user` (
  `user_id` varchar(100) NOT NULL,
  `created_date` datetime NOT NULL,
  `noti_invite` bit(1) DEFAULT NULL,
  `noti_sns` bit(1) DEFAULT NULL,
  `noti_upload` bit(1) DEFAULT NULL,
  `user_email` varchar(100) NOT NULL,
  `user_img` varchar(500) NOT NULL,
  `user_name` varchar(30) NOT NULL,
  `user_like_photos` varchar(5000) DEFAULT NULL,
  PRIMARY KEY (`user_id`),
  UNIQUE KEY `UK_j09k2v8lxofv2vecxu2hde9so` (`user_email`)
) ENGINE=InnoDB DEFAULT CHARSET=utf8mb4 COLLATE=utf8mb4_0900_ai_ci;
/*!40101 SET character_set_client = @saved_cs_client */;

--
-- Dumping data for table `user`
--

LOCK TABLES `user` WRITE;
/*!40000 ALTER TABLE `user` DISABLE KEYS */;
INSERT INTO `user` VALUES ('2762811156','2023-05-18 13:57:14',_binary '',_binary '',_binary '','chku52@gmail.com','https://k.kakaocdn.net/dn/eEbgdm/btr7iMACOZI/KwV9eKOlKSjLKdZrZiFfsk/img_110x110.jpg','차차','33,'),('2764309450','2023-05-18 13:22:36',_binary '',_binary '',_binary '','5120a@naver.com','https://k.kakaocdn.net/dn/dpk9l1/btqmGhA2lKL/Oz0wDuJn1YV2DIn92f6DVK/img_110x110.jpg','박서윤','31,22,23,33,'),('2764815852','2023-05-18 09:58:47',_binary '',_binary '',_binary '','gusdlsqkrtk@naver.com','https://k.kakaocdn.net/dn/bBUS9X/btr8wQvSpj5/e5fCzW7KzdDNCimcZISc21/img_110x110.jpg','최현인','83,'),('2765520552','2023-05-18 13:52:49',_binary '',_binary '',_binary '','oth5447@naver.com','https://k.kakaocdn.net/dn/bqjtIJ/btr22Ktl2qV/mMHlKAbXkUxxUDoRy1mKZ0/img_110x110.jpg','오태훈','37,152,'),('2765575663','2023-05-18 13:55:45',_binary '',_binary '',_binary '','wjdtkd4175@naver.com','https://k.kakaocdn.net/dn/yRt1r/btr7HfiBUf9/gLpSxv5rKkftglklmqdDB0/img_110x110.jpg','정상민','96,29,83,23,33,338,'),('2765575678','2023-05-18 14:07:49',_binary '',_binary '',_binary '','smartpodo@kakao.com','https://k.kakaocdn.net/dn/dpk9l1/btqmGhA2lKL/Oz0wDuJn1YV2DIn92f6DVK/img_110x110.jpg','김동욱','22,'),('2765777731','2023-05-18 15:27:42',_binary '',_binary '',_binary '','mokbee@naver.com','https://k.kakaocdn.net/dn/c6YzXr/btsdOAmVtOH/slRm6Fx7r8wEXXoJoYp5Sk/img_110x110.jpg','김태영',NULL),('2772839750','2023-05-17 13:00:03',_binary '',_binary '',_binary '','gusrnqq@naver.com','https://k.kakaocdn.net/dn/mNaz6/btrSMIyVet1/VtQu6jRDdYX8DN30PfpfT1/img_110x110.jpg','이현구','224,'),('2785323634','2023-05-17 05:58:35',_binary '',_binary '',_binary '','rkdms4054@naver.com','https://k.kakaocdn.net/dn/bnpvmX/btrQp5Y3z5j/oyh8QKCC90kblSCHGKLVIk/img_110x110.jpg','가은',NULL),('2785332733','2023-05-15 06:08:20',_binary '',_binary '',_binary '','kdr8749@naver.com','https://k.kakaocdn.net/dn/Ct6yQ/btr5QnXEzO2/Rb3xwUSycH2BCsbb2XhYkK/img_110x110.jpg','김동률',NULL),('2785586026','2023-05-15 08:06:35',_binary '',_binary '',_binary '','mae03087@naver.com','https://k.kakaocdn.net/dn/dpk9l1/btqmGhA2lKL/Oz0wDuJn1YV2DIn92f6DVK/img_110x110.jpg','임성빈',NULL),('2786671732','2023-05-18 13:10:40',_binary '',_binary '',_binary '','hslee0912@naver.com','https://k.kakaocdn.net/dn/tBB0D/btrcgP18wby/cPb7JuQXkmYvnyigDxM73K/img_110x110.jpg','이현석','30,25,174,176,22,'),('2787293205','2023-05-16 08:36:37',_binary '',_binary '',_binary '','wlswl2435@naver.com','https://k.kakaocdn.net/dn/dpk9l1/btqmGhA2lKL/Oz0wDuJn1YV2DIn92f6DVK/img_110x110.jpg','이진혁',NULL),('2790856883','2023-05-15 05:08:13',_binary '',_binary '',_binary '','bljh1008@naver.com','https://k.kakaocdn.net/dn/cjr6vy/btsdGoHQjAO/1QmTyPLyXHpdPHY2Nyiir0/img_110x110.jpg','김혜림',NULL),('2790864972','2023-05-15 05:13:26',_binary '',_binary '',_binary '','ktyoo226@naver.com','https://k.kakaocdn.net/dn/dpk9l1/btqmGhA2lKL/Oz0wDuJn1YV2DIn92f6DVK/img_110x110.jpg','김태영',NULL),('2790876769','2023-05-17 04:57:51',_binary '',_binary '',_binary '','hyun5185@naver.com','https://k.kakaocdn.net/dn/dpk9l1/btqmGhA2lKL/Oz0wDuJn1YV2DIn92f6DVK/img_110x110.jpg','지현',NULL),('2790901032','2023-05-16 08:34:37',_binary '',_binary '',_binary '','kk980626@daum.net','https://k.kakaocdn.net/dn/dE9ohn/btr5ORrsd7x/77KnzilPzqmqWssZQvOD51/img_110x110.jpg','이슬',NULL),('2790954443','2023-05-17 06:50:01',_binary '',_binary '',_binary '','angellina940@nate.com','https://k.kakaocdn.net/dn/cGoQ8E/btseOhs7Nku/ZSRIvAI1rDr7uacnc4QnQ0/img_110x110.jpg','ㄱ은영','162,96,173,'),('2791128809','2023-05-15 08:08:17',_binary '',_binary '',_binary '','acd1026@naver.com','https://k.kakaocdn.net/dn/dOlyla/btsfdpMl9k8/86oicenSRah1Xxns9piCj1/img_110x110.jpg','이윤주',NULL),('2793463264','2023-05-17 01:03:21',_binary '',_binary '',_binary '','gkduddl17@naver.com','https://k.kakaocdn.net/dn/bnX6bg/btsfvnsNHET/E04bSha5rIyikTKNtq8Pok/img_110x110.jpg','하영',NULL),('2793649772','2023-05-17 03:12:14',_binary '',_binary '',_binary '','vov06144@naver.com','https://k.kakaocdn.net/dn/dpk9l1/btqmGhA2lKL/Oz0wDuJn1YV2DIn92f6DVK/img_110x110.jpg','김도언','22,'),('2793865439','2023-05-17 23:53:04',_binary '',_binary '',_binary '','xogkr00@naver.com','https://k.kakaocdn.net/dn/dpk9l1/btqmGhA2lKL/Oz0wDuJn1YV2DIn92f6DVK/img_110x110.jpg','김태학',NULL),('2793944826','2023-05-17 06:30:26',_binary '',_binary '',_binary '','jdznawa@naver.com','https://k.kakaocdn.net/dn/dpk9l1/btqmGhA2lKL/Oz0wDuJn1YV2DIn92f6DVK/img_110x110.jpg','전동준',NULL),('2793999102','2023-05-17 07:11:20',_binary '',_binary '',_binary '','chyh9218@gmail.com','https://k.kakaocdn.net/dn/cSbjug/btse3Fz4816/zpP95bqE4dDYY4rVAn0Po0/img_110x110.jpg','용현','27,'),('2794009748','2023-05-17 13:17:13',_binary '',_binary '',_binary '','joyksj94@naver.com','https://k.kakaocdn.net/dn/xYPDm/btr1Ira0rlW/dDpSssJGYSnAo9l71T0JH0/img_110x110.jpg','김성준',NULL),('2794389429','2023-05-17 11:47:57',_binary '',_binary '',_binary '','marcel1026@naver.com','https://k.kakaocdn.net/dn/dpk9l1/btqmGhA2lKL/Oz0wDuJn1YV2DIn92f6DVK/img_110x110.jpg','이용준',NULL),('2795011897','2023-05-18 01:59:39',_binary '',_binary '',_binary '','goflwla92@naver.com','https://k.kakaocdn.net/dn/QfjlU/btrH76jJN0y/mEqPoRF2XqvhJxvXiciGmK/img_110x110.jpg','송대현',NULL),('2795724702','2023-05-18 10:30:26',_binary '',_binary '',_binary '','leesh9628@naver.com','https://k.kakaocdn.net/dn/bqepHX/btrMkdZ6Tr9/k0N6h2S7afEF5ZzpVJGTl1/p1.jpg','이상혁',NULL),('2795868646','2023-05-18 12:20:25',_binary '',_binary '',_binary '','skku121712@gmail.com','https://k.kakaocdn.net/dn/dpk9l1/btqmGhA2lKL/Oz0wDuJn1YV2DIn92f6DVK/img_110x110.jpg','임성우',NULL);
/*!40000 ALTER TABLE `user` ENABLE KEYS */;
UNLOCK TABLES;

--
-- Table structure for table `user_photo_like`
--

DROP TABLE IF EXISTS `user_photo_like`;
/*!40101 SET @saved_cs_client     = @@character_set_client */;
/*!50503 SET character_set_client = utf8mb4 */;
CREATE TABLE `user_photo_like` (
  `photo_id` bigint NOT NULL,
  `user_id` varchar(255) NOT NULL,
  `user_photo_like_status` varchar(255) DEFAULT NULL,
  PRIMARY KEY (`photo_id`,`user_id`)
) ENGINE=InnoDB DEFAULT CHARSET=utf8mb4 COLLATE=utf8mb4_0900_ai_ci;
/*!40101 SET character_set_client = @saved_cs_client */;

--
-- Dumping data for table `user_photo_like`
--

LOCK TABLES `user_photo_like` WRITE;
/*!40000 ALTER TABLE `user_photo_like` DISABLE KEYS */;
INSERT INTO `user_photo_like` VALUES (57,'2786671732','CANCEL'),(76,'2786671732','CANCEL'),(82,'2790901032','LIKE'),(90,'2764309450','LIKE'),(102,'2765575663','LIKE'),(147,'2764309450','LIKE'),(179,'2765520552','CANCEL'),(191,'2765520552','LIKE'),(197,'2793999102','LIKE'),(199,'2765520552','LIKE'),(223,'2772839750','LIKE'),(237,'2765575663','CANCEL'),(243,'2765575663','LIKE'),(245,'2762811156','LIKE'),(248,'2765575663','CANCEL');
/*!40000 ALTER TABLE `user_photo_like` ENABLE KEYS */;
UNLOCK TABLES;
/*!40103 SET TIME_ZONE=@OLD_TIME_ZONE */;

/*!40101 SET SQL_MODE=@OLD_SQL_MODE */;
/*!40014 SET FOREIGN_KEY_CHECKS=@OLD_FOREIGN_KEY_CHECKS */;
/*!40014 SET UNIQUE_CHECKS=@OLD_UNIQUE_CHECKS */;
/*!40101 SET CHARACTER_SET_CLIENT=@OLD_CHARACTER_SET_CLIENT */;
/*!40101 SET CHARACTER_SET_RESULTS=@OLD_CHARACTER_SET_RESULTS */;
/*!40101 SET COLLATION_CONNECTION=@OLD_COLLATION_CONNECTION */;
/*!40111 SET SQL_NOTES=@OLD_SQL_NOTES */;

-- Dump completed on 2023-05-19  1:45:12
